name,reason
Bagalkote District Hospital FRU,outside Bengaluru
Bellary District Hospital FRU,outside Bengaluru
VIMS Bellary Medical College,outside Bengaluru
Bidar District Hospital,outside Bengaluru
Chikkaballapur District Hospital FRU,outside Bengaluru
Chickmagalur District Hospital FRU,outside Bengaluru
Chitradurga District Hospital FRU,outside Bengaluru
Gadag District Hospital FRU,outside Bengaluru
Haveri District Hospital FRU,outside Bengaluru
Gulbarga District Hospital FRU,outside Bengaluru
Raichur District Hospital,outside Bengaluru
Shimoga District Hospital,outside Bengaluru
Shikaripura District Hospital FRU,outside Bengaluru
Uttara Kannada District Hospital FRU,outside Bengaluru
Bijapur District Hospital FRU,outside Bengaluru
Belgaum District Hospital,outside Bengaluru
Chamarajnagar District Hospital FRU,outside Bengaluru
Davanagere District Hospital,outside Bengaluru
Davangere Women And Children District Hospital FRU,outside Bengaluru
Dharwad District Hospital FRU,outside Bengaluru
Hassan District Hospital,outside Bengaluru
Kodagu District Hospital FRU,outside Bengaluru
Kolar District Hospital FRU,outside Bengaluru
Koppal District Hospital FRU,outside Bengaluru
Mandya District Hospital,outside Bengaluru
Cheluvamba Hospital Mysore District Hospital,outside Bengaluru
KR Hospital Mysore District Hospital,outside Bengaluru
Ramanagara District Hospital FRU,outside Bengaluru
Tumkur District Hospital FRU,outside Bengaluru
Udupi District Hospital FRU,outside Bengaluru
Yadgir District Hospital FRU,outside Bengaluru
Lady Goshan Hospital Mangalore District Hospital FRU,outside Bengaluru
Wenlock Hospital Mangalore District Hospital,outside Bengaluru
Hubli KIMS District Hospital,outside Bengaluru
"Anekal Taluk Hospital, (FRU)",outside Bengaluru
"Badami Taluk Hospital, (FRU)",outside Bengaluru
"Bilagi Taluk Hospital, (FRU)",outside Bengaluru
"Mudhol Taluk Hospital, (FRU)",outside Bengaluru
"Hungund Taluk Hospital, (FRU)",outside Bengaluru
"Jamkhandi Taluk Hospital, (FRU)",outside Bengaluru
"Adagali Taluk Hospital, (FRU)",outside Bengaluru
"Hagribommanahalli Taluk Hospital, (FRU)",outside Bengaluru
"Hospet Taluk Hospital, (FRU)",outside Bengaluru
"Kudilgi Taluk Hospital, (FRU)",outside Bengaluru
"Siragppa Taluk Hospital, (FRU)",outside Bengaluru
"Sandur Taluk Hospital, (FRU)",outside Bengaluru
"Hoskote Taluk Hospital, (FRU)",outside Bengaluru
"Devanahalli Taluk Hospital, (FRU)",outside Bengaluru
"Doddaballapur Taluk Hospital, (FRU)",outside Bengaluru
"Nelamangala Taluk Hospital, (FRU)",outside Bengaluru
"Basavakalyan Taluk Hospital, (FRU)",outside Bengaluru
"Humnabad Taluk Hospital, (FRU)",outside Bengaluru
"Aurad Taluk Hospital, (FRU)",outside Bengaluru
"Bhalki Taluk Hospital, (FRU)",outside Bengaluru
"Bagepalli Taluk Hospital, (FRU)",outside Bengaluru
"Chintamani Taluk Hospital, (FRU)",outside Bengaluru
"Gouribidanur Taluk Hospital, (FRU)",outside Bengaluru
"Gudibande Taluk Hospital, (FRU)",outside Bengaluru
"Siddlaghatta Taluk Hospital, (FRU)",outside Bengaluru
"Kadur Taluka Hospital, (FRU)",outside Bengaluru
"Mudigere Taluka Hospital, (FRU)",outside Bengaluru
"Sringeri Taluka Hospital, (FRU)",outside Bengaluru
"Tarikere Taluka Hospital, (FRU)",outside Bengaluru
"Koppa Taluka Hospital, (FRU)",outside Bengaluru
"Narasimharajapura Taluka Hospital, (FRU)",outside Bengaluru
"Molakalmuru Taluk Hospital, (FRU)",outside Bengaluru
"Hosadurga Taluk Hospital, (FRU)",outside Bengaluru
"Holalkere Taluk Hospital, (FRU)",outside Bengaluru
"Hiriyur Taluk Hospital, (FRU)",outside Bengaluru
"Challakere Taluk Hospital, (FRU)",outside Bengaluru
Bantval Taluka Hospital,outside Bengaluru
"Beltangadi Taluka Hospital, (FRU)",outside Bengaluru
"Sulya Taluka Hospital, (FRU)",outside Bengaluru
"Puttur Taluka Hospital, (FRU)",outside Bengaluru
"Mundaragi Taluk Hospital, (FRU)",outside Bengaluru
"Nargund Taluk Hospital, (FRU)",outside Bengaluru
"Ron Taluk Hospital, (FRU)",outside Bengaluru
"Shirahatti Taluk Hospital, (FRU)",outside Bengaluru
"Byadgi Taluk Hospital, (FRU)",outside Bengaluru
"Hirekerur Taluk Hospital, (FRU)",outside Bengaluru
"Savanur Taluk Hospital, (FRU)",outside Bengaluru
"Hangal Taluk Hospital, (FRU)",outside Bengaluru
"Ranibennur Taluk Hospital, (FRU)",outside Bengaluru
"Shiggaon Taluk Hospital, (FRU)",outside Bengaluru
"Chincholi Taluk Hospital, (FRU)",outside Bengaluru
"Aland Taluk Hospital, (FRU)",outside Bengaluru
"Chitapur Taluk Hospital, (FRU)",outside Bengaluru
"Jewargi Taluk Hospital, (FRU)",outside Bengaluru
"Afzalpur Taluk Hospital, (FRU)",outside Bengaluru
"Sedam Taluk Hospital, (FRU)",outside Bengaluru
"Devadurga Taluka Hospital, (FRU)",outside Bengaluru
"Lingsagur Taluka Hospital, (FRU)",outside Bengaluru
"Manvi Taluka Hospital, (FRU)",outside Bengaluru
"Sindhanoor Taluka Hospital, (FRU)",outside Bengaluru
"Soraba Taluk Hospital, (FRU)",outside Bengaluru
"Bhadravathi Taluk Hospital, (FRU)",outside Bengaluru
"Hosanagar Taluk Hospital, (FRU)",outside Bengaluru
"Sagar Taluk Hospital, (FRU)",outside Bengaluru
"Shikaripura, (FRU)",outside Bengaluru
"Thirthahalli Taluk Hospital, (FRU)",outside Bengaluru
Ankola Taluk Hospital,outside Bengaluru
"Haliyala Taluk Hospital, (FRU)",outside Bengaluru
"Honnavara Taluk Hospital, (FRU)",outside Bengaluru
Kumta Taluk Hospital,outside Bengaluru
"Mungod Taluk Hospital, (FRU)",outside Bengaluru
"Siddapura Taluk Hospital, (FRU)",outside Bengaluru
"Sirsi Taluk Hospital, (FRU)",outside Bengaluru
Supa Taluk Hospital,outside Bengaluru
Yellapura Taluk Hospital,outside Bengaluru
"Bhatkal Taluk Hospital, (FRU)",outside Bengaluru
"Basavanabagevadi Taluk Hospital, (FRU)",outside Bengaluru
"Indi Taluk Hospital, (FRU)",outside Bengaluru
"Muddebihal Taluk Hospital, (FRU)",outside Bengaluru
"Sindgi Taluk Hospital, (FRU)",outside Bengaluru
"Hukkeri Taluk Hospital, (FRU)",outside Bengaluru
"Chikodi Taluk Hospital, (FRU)",outside Bengaluru
"Bailhongal Taluk Hospital, (FRU)",outside Bengaluru
"Saundatti Taluk Hospital, (FRU)",outside Bengaluru
"Ramdurg Taluk Hospital, (FRU)",outside Bengaluru
"Raibag Taluk Hospital, (FRU)",outside Bengaluru
"Khanapur Taluk Hospital, (FRU)",outside Bengaluru
"Gokak Taluk Hospital, (FRU)",outside Bengaluru
"Athani Taluk Hospital, (FRU)",outside Bengaluru
"Gundlupet Taluka Hospital, (FRU)",outside Bengaluru
"Kolegala Taluka Hospital, (FRU)",outside Bengaluru
"Yelandur Taluka Hospital, (FRU)",outside Bengaluru
"Channagiri Taluk Hospital, (FRU)",outside Bengaluru
"Harpanahalli Taluk Hospital, (FRU)",outside Bengaluru
"Harihara Taluk Hospital, (FRU)",outside Bengaluru
"Honnal Taluk Hospital, (FRU)",outside Bengaluru
"Jaglur Taluk Hospital, (FRU)",outside Bengaluru
"Navalgund Taluk Hospital, (FRU)",outside Bengaluru
Kundgol Taluk Hospital,outside Bengaluru
"Kalghatagi Taluk Hospital, (FRU)",outside Bengaluru
"Sakaleshpur Taluka Hospital, (FRU)",outside Bengaluru
"Arkalgud Taluka Hospital, (FRU)",outside Bengaluru
"Belur Taluka Hospital, (FRU)",outside Bengaluru
Alur Taluka Hospital,outside Bengaluru
"Arasikere Taluka Hospital, (FRU)",outside Bengaluru
"Channarayapatna Taluka Hospital, (FRU)",outside Bengaluru
"Holenarasipur Taluka Hospital, (FRU)",outside Bengaluru
"Somvarpet Taluk Hospital, (FRU)",outside Bengaluru
"Virajpet Taluk Hospital, (FRU)",outside Bengaluru
Bangarpet Taluk Hospital,outside Bengaluru
KGF Women And Children TLH,outside Bengaluru
Mulbagal Taluk Hospital,outside Bengaluru
"Malur Taluk Hospital, (FRU)",outside Bengaluru
"Srinivasapura Taluk Hospital, (FRU)",outside Bengaluru
"Gangawathi Taluka Hospital, (FRU)",outside Bengaluru
"Kushtagi Taluka Hospital, (FRU)",outside Bengaluru
"Yelburga Taluka Hospital, (FRU)",outside Bengaluru
"Krishnarajpet Taluka Hospital, (FRU)",outside Bengaluru
"Maddur Taluk Hospital, (FRU)",outside Bengaluru
"Malavalli Taluka Hospital, (FRU)",outside Bengaluru
"Nagamangala Taluka Hospital, (FRU)",outside Bengaluru
"Pandavapura Taluka Hospital, (FRU)",outside Bengaluru
"Srirangapatna Taluka Hospital, (FRU)",outside Bengaluru
"T Narasipur Taluk Hospital, (FRU)",outside Bengaluru
"Periyapatna Taluk Hospital, (FRU)",outside Bengaluru
"Nanjangud Taluk Hospital, (FRU)",outside Bengaluru
MCH Hospital,outside Bengaluru
"Krishnarajanagara Taluk Hospital, (FRU)",outside Bengaluru
"HunsurTaluk Hospital, (FRU)",outside Bengaluru
"Heggadadevanakote Taluk Hospital, (FRU)",outside Bengaluru
"Channapatna Taluk Hospital, (FRU)",outside Bengaluru
"Kanakapura Taluk Hospital, (FRU)",outside Bengaluru
"Magadi Taluk Hospital, (FRU)",outside Bengaluru
"Chikkaayakanhalli Taluk Hospital, (FRU)",outside Bengaluru
"Koratagere Taluk Hospital, (FRU)",outside Bengaluru
"Madhugiri Taluk Hospital, (FRU)",outside Bengaluru
"Sira Taluk Hospital, (FRU)",outside Bengaluru
"Pavagada Taluk Hospital, (FRU)",outside Bengaluru
"Tiptur Taluk Hospital, (FRU)",outside Bengaluru
"Gubbi Taluk Hospital, (FRU)",outside Bengaluru
"Kunigal Taluk Hospital, (FRU)",outside Bengaluru
"Kundapura Taluk Hospital, (FRU)",outside Bengaluru
"Karkala Taluk Hospital, (FRU)",outside Bengaluru
"Shahpur Taluka Hospital, (FRU)",outside Bengaluru
"Shorapur Taluka Hospital, (FRU)",outside Bengaluru
"Turuvekere Taluk Hospital, (FRU)",outside Bengaluru
"Community Health Center, Kerur",outside Bengaluru
"Community Health Center, Guledgudd, (FRU)",outside Bengaluru
"Community Health Center, Girisagar",outside Bengaluru
"Community Health Center, Mahalingapur, (FRU)",outside Bengaluru
"Community Health Center, Ilkal, (FRU)",outside Bengaluru
"Community Health Center, Kudalasangama",outside Bengaluru
"Community Health Center, Rabakavi Banahatti, (FRU)",outside Bengaluru
"Community Health Center, Itagi",outside Bengaluru
"Community Health Center, Hampasagara",outside Bengaluru
"Community Health Center, Kampli",outside Bengaluru
"Community Health Center, C.J.Halli",outside Bengaluru
"Community Health Center, Kottur",outside Bengaluru
"Community Health Center, Ujjini",outside Bengaluru
"Community Health Center, Tekkalkote",outside Bengaluru
"Community Health Center, Kurugodu",outside Bengaluru
"Community Health Center, Moka",outside Bengaluru
"Community Health Center, Roopanagudi",outside Bengaluru
"Community Health Center, Thoranagallu",outside Bengaluru
"Community Health Center, Thayamagondalu",outside Bengaluru
"Community Health Center, Vijayapura",outside Bengaluru
"Community Health Center, Hulsoor",outside Bengaluru
"Community Health Center, Rajeshwar",outside Bengaluru
"Community Health Center, Mannekhalli, (FRU)",outside Bengaluru
"Community Health Center, Hallikhed B",outside Bengaluru
"Community Health Center, Chitguppa",outside Bengaluru
"Community Health Center, Santhpur",outside Bengaluru
"Community Health Center, Kamalnagar",outside Bengaluru
"Community Health Center, Nittur B",outside Bengaluru
"Community Health Center, Guluru",outside Bengaluru
"Community Health Center, Batlahalli",outside Bengaluru
"Community Health Center, Birur, (FRU)",outside Bengaluru
"Community Health Center, Yagati",outside Bengaluru
"Community Health Center, Panchanahalli",outside Bengaluru
"Community Health Center, Kalasa",outside Bengaluru
"Community Health Center, Ajjampura",outside Bengaluru
"Community Health Center, Nayakanahatti",outside Bengaluru
"Community Health Center, Parashurampura",outside Bengaluru
"Community Health Center, Dharmapura",outside Bengaluru
"Community Health Center, Maradihalli",outside Bengaluru
"Community Health Center, Bharamannanayakanadurga",outside Bengaluru
"Community Health Center, Belaguru",outside Bengaluru
"Community Health Center, Kanchipura",outside Bengaluru
"Community Health Center, Srirampura",outside Bengaluru
"Community Health Center, Ramapura",outside Bengaluru
"Community Health Center, Bharamasagara",outside Bengaluru
"Community Health Center, Sirigere",outside Bengaluru
"Community Health Center, Vamadapadav",outside Bengaluru
"Community Health Center, Vittal",outside Bengaluru
"Community Health Center, Moodabidri",outside Bengaluru
"Community Health Center, Mulki",outside Bengaluru
"Community Health Center, Lakshmeswar, (FRU)",outside Bengaluru
"Community Health Center, Gajendraghad",outside Bengaluru
"Community Health Center, Masur",outside Bengaluru
"Community Health Center, Rattihalli",outside Bengaluru
"Community Health Center, Akkialur, (FRU)",outside Bengaluru
"Community Health Center, Guttal",outside Bengaluru
"Community Health Center, Bankapura",outside Bengaluru
"Community Health Center, Madanahippargi",outside Bengaluru
"Community Health Center, Narona",outside Bengaluru
"Community Health Center, Nimbarga",outside Bengaluru
"Community Health Center, Gadakeshwar",outside Bengaluru
"Community Health Center, Kunchavaram",outside Bengaluru
"Community Health Center, Gundagurthi",outside Bengaluru
"Community Health Center, Hebbal",outside Bengaluru
"Community Health Center, Kalagi",outside Bengaluru
"Community Health Center, Shahabad",outside Bengaluru
"Community Health Center, Wadi",outside Bengaluru
"Community Health Center, Nelogi",outside Bengaluru
"Community Health Center, Yadrami",outside Bengaluru
"Community Health Center, D.Ganagapur",outside Bengaluru
"Community Health Center, Station Ganagapur",outside Bengaluru
"Community Health Center, Malkhed",outside Bengaluru
"Community Health Center, Mudhol",outside Bengaluru
"Community Health Center, Arakera",outside Bengaluru
"Community Health Center, Jalahalli",outside Bengaluru
"Community Health Center, Annahosur",outside Bengaluru
"Community Health Center, Mudagal, (FRU)",outside Bengaluru
"Community Health Center, Kavital",outside Bengaluru
"Community Health Center, J Mallapur",outside Bengaluru
"Community Health Center, Anavatti",outside Bengaluru
"Community Health Center, Holehonnur",outside Bengaluru
"Community Health Center, Anadapuram",outside Bengaluru
"Community Health Center, Shiralakoppa",outside Bengaluru
"Community Health Center, Ayanur",outside Bengaluru
"Community Health Center, Holaluru",outside Bengaluru
"Community Health Center, Kannangi",outside Bengaluru
"Community Health Center, Shirali",outside Bengaluru
"Community Health Center, Dandeli",outside Bengaluru
"Community Health Center, Pala",outside Bengaluru
"Community Health Center, Niadagundi",outside Bengaluru
"Community Health Center, Tadawalaga",outside Bengaluru
"Community Health Center, Chadachan",outside Bengaluru
"Community Health Center, Talikoti, (FRU)",outside Bengaluru
"Community Health Center, Kalagi",outside Bengaluru
"Community Health Center, Nalatwad",outside Bengaluru
"Community Health Center, Almelu",outside Bengaluru
"Community Health Center, Kalkere",outside Bengaluru
"Community Health Center, Maratagi",outside Bengaluru
"Community Health Center, Kagwad",outside Bengaluru
"Community Health Center, Mudalagi",outside Bengaluru
"Community Health Center, Nandagada",outside Bengaluru
"Community Health Center, Kudachi",outside Bengaluru
"Community Health Center, Mugalkhed",outside Bengaluru
"Community Health Center, Hosakoti",outside Bengaluru
"Community Health Center, Yaragatti",outside Bengaluru
"Community Health Center, Hirebagewadi",outside Bengaluru
"Community Health Center, Examba",outside Bengaluru
"Community Health Center, Nippani, (FRU)",outside Bengaluru
"Community Health Center, Kabburu",outside Bengaluru
"Community Health Center, Sankeshwara, (FRU)",outside Bengaluru
"Community Health Center, Nidasosi",outside Bengaluru
"Community Health Center, Santemarahalli, (FRU)",outside Bengaluru
"Community Health Center, Kabballi, (FRU)",outside Bengaluru
"Community Health Center, Beguru, (FRU)",outside Bengaluru
"Community Health Center, Kerebilachi",outside Bengaluru
"Community Health Center, Santhebennur",outside Bengaluru
"Community Health Center, Arasikere",outside Bengaluru
"Community Health Center, Telagi",outside Bengaluru
"Community Health Center, Malebennur",outside Bengaluru
"Community Health Center, Nyamathi",outside Bengaluru
"Community Health Center, Doddakunche",outside Bengaluru
"Community Health Center, Halli Mysore",outside Bengaluru
"Community Health Center, Paduvalahippe",outside Bengaluru
"Community Health Center, Hirisave",outside Bengaluru
"Community Health Center, Nuggehalli",outside Bengaluru
"Community Health Center, Sravanabelagola",outside Bengaluru
"Community Health Center, Udayapura",outside Bengaluru
"Community Health Center, Gandasi",outside Bengaluru
"Community Health Center, J.C Pura",outside Bengaluru
"Community Health Center, Dudda",outside Bengaluru
"Community Health Center, Mosale Hosahalli",outside Bengaluru
"Community Health Center, Shanthigrama",outside Bengaluru
"Community Health Center, Arehalli",outside Bengaluru
"Community Health Center, Halebeedu",outside Bengaluru
"Community Health Center, Konanur",outside Bengaluru
"Community Health Center, Khushalnagar, (FRU)",outside Bengaluru
"Community Health Center, Sanivarasanthe",outside Bengaluru
"Community Health Center, Ganikoppal, (FRU)",outside Bengaluru
"Community Health Center, Kutta",outside Bengaluru
"Community Health Center, Polibetta",outside Bengaluru
"Community Health Center, Siddapura",outside Bengaluru
"Community Health Center, Napoklu",outside Bengaluru
"Community Health Center, Gownipalli",outside Bengaluru
"Community Health Center, Bethamangala",outside Bengaluru
"Community Health Center, Karatagi, (FRU)",outside Bengaluru
"Community Health Center, Kanakagiri",outside Bengaluru
"Community Health Center, Sriramnagar",outside Bengaluru
"Community Health Center, Hiresindogi, (FRU)",outside Bengaluru
"Community Health Center, Munirabad",outside Bengaluru
"Community Health Center, Tavargera",outside Bengaluru
"Community Health Center, Kukkanoor, (FRU)",outside Bengaluru
"Community Health Center, H.Vankalakunta",outside Bengaluru
"Community Health Center, Mangalore",outside Bengaluru
"Community Health Center, K M Doddi",outside Bengaluru
"Community Health Center, Kirugavalu",outside Bengaluru
"Community Health Center, Shivalli (24X7)",outside Bengaluru
"Community Health Center, Keelara",outside Bengaluru
"Community Health Center, Belluru",outside Bengaluru
"Community Health Center, Bindiganavile",outside Bengaluru
"Community Health Center, Chinakurali",outside Bengaluru
"Community Health Center, Arakere",outside Bengaluru
"Community Health Center, Bookanakere",outside Bengaluru
"Community Health Center, Kikkeri",outside Bengaluru
"Community Health Center, Saragur",outside Bengaluru
"Community Health Center, Saligrama, (FRU)",outside Bengaluru
"Community Health Center, Ashokapuram UCHC",outside Bengaluru
"Community Health Center, Jayanagar UCHC",outside Bengaluru
"Community Health Center, Jayapura",outside Bengaluru
"Community Health Center, Hullahalli",outside Bengaluru
"Community Health Center, Tagadur",outside Bengaluru
"Community Health Center, Bannur, (FRU)",outside Bengaluru
"Community Health Center, Talakad",outside Bengaluru
"Community Health Center, MUGUR",outside Bengaluru
"Community Health Center, Bidadi",outside Bengaluru
"Community Health Center, Soluru",outside Bengaluru
"Community Health Center, Harohalli",outside Bengaluru
"Community Health Center, Sathanur",outside Bengaluru
"Community Health Center, Tirumani",outside Bengaluru
"Community Health Center, Y.N.Hosakote",outside Bengaluru
"Community Health Center, M N Kote",outside Bengaluru
"Community Health Center, Amruthur",outside Bengaluru
"Community Health Center, Baindoor",outside Bengaluru
"Community Health Center, Brahmavara",outside Bengaluru
"Community Health Center, Kota",outside Bengaluru
"Community Health Center, Shiruva",outside Bengaluru
"Community Health Center, Hebri",outside Bengaluru
"Community Health Center, Nitte",outside Bengaluru
"Community Health Center, Saidapur",outside Bengaluru
"Community Health Center, Arekera",outside Bengaluru
"Community Health Center, Gurumatkal",outside Bengaluru
"Community Health Center, Wadagera",outside Bengaluru
"Community Health Center, Dornahalli",outside Bengaluru
"Community Health Center, Hunasangi",outside Bengaluru
"Community Health Center, Chandrappa Circle",outside Bengaluru
"Community Health Center, Kaggalipura",outside Bengaluru
"Community Health Center, Ullal UCHC",outside Bengaluru
"Community Health Center, Mat Hosp V V Puram 24X7 UCHC Mat Hosp V V Puram 24X7 UCHC",outside Bengaluru
"Community Health Center, Belwadi",outside Bengaluru
"Community Health Center, Naganur",outside Bengaluru
"Community Health Center, Old Bagalkote",outside Bengaluru
"Ashraya Hospital, Bagalakote",outside Bengaluru
"Vijaya Ortho and Trauma Centre, Belagavi",outside Bengaluru
"Hemavathi Hospital, Hassan",outside Bengaluru
"Shree Chamarajendra Hospital / HIMS, Hassan",outside Bengaluru
"Vaatsalya Hospital, Hassan",outside Bengaluru
"Sri Nandi Hospital, Ranebennur",outside Bengaluru
"Sri Laxmi Surgical Trauma Ortho and Multispecility Hospital, Ranebennur",outside Bengaluru
"Sri Sai Speciality Hospital, Ranebennur",outside Bengaluru
"Nano Hospitals Private Limited, Hyderabad",outside Bengaluru
"Prime Hospitals, Hyderabad",outside Bengaluru
"Malla Reddy Narayana Multispeciality Hospital, Hyderabad",outside Bengaluru
"Bibi Hospitals Pvt Ltd, Hyderabad",outside Bengaluru
"KLES Dr Prabhakar Kore Hospital and MRC, Belagavi",outside Bengaluru
"Citizens Hospitals, Hyderabad",outside Bengaluru
"Care Hospital, Hyderabad",outside Bengaluru
"Sunshine Heart Institute, Hyderabad",outside Bengaluru
"Panacea Meridian Hospitals, Hyderabad",outside Bengaluru
"R L Jalappa Hopital and Research Center, Kolara",outside Bengaluru
"R L Jalappa Narayana Hrudayalaya Heart Centre, Kolara",outside Bengaluru
"Swastik Hospital, Kolhapur",outside Bengaluru
"Apple Saraswati Multispecity Hospital, Kolhapur",outside Bengaluru
"Kolhapur Cancer Centre, Kolhaur",outside Bengaluru
"PIOS Hospital, Kolhapur",outside Bengaluru
"KLES Societys Belgaum Cancer Hospital, Belagavi",outside Bengaluru
"Siddhagiri Hospital & Research Centre, Kolhapur",outside Bengaluru
"Western India Institute Of Neurosciences, Kolhapur",outside Bengaluru
"City Hospital, Kolhapur",outside Bengaluru
"Viswabharathi Cancer Hospital, Kurnol",outside Bengaluru
"Lifecare Hospital and Research Centre, Latur",outside Bengaluru
"Sri Adichunchanagiri Hospital and Research Center, Mandya",outside Bengaluru
"Mandya Institute Of Medical Sciences, Mandya",outside Bengaluru
"Mahatma Gandhi Cancer Hospital, Miraj",outside Bengaluru
"Wanless Hospital Miraj Medical Center, Miraj",outside Bengaluru
"St Josephs Hospital, Mysuru",outside Bengaluru
"Salagare Childrens and Eye Hospital, Chikkodi",outside Bengaluru
"Bhanavi Hospital, Mysuru",outside Bengaluru
"CSI Holdsworth Memorial Hospital, Mysuru",outside Bengaluru
"Apollo BGS Hospital, Mysuru",outside Bengaluru
"Bharath Hospital Institute Of Oncology, Mysuru",outside Bengaluru
"Cauvery Hospital, Mysuru",outside Bengaluru
"Jagadguru Sri Shivarathreeshwara Hospital, Mysuru",outside Bengaluru
"Narayana Hrudayalaya Surgical Hospital Pvt Ltd, Mysuru",outside Bengaluru
"Sri Jayadeva Institute of Cardiovascuar Research, Mysore",outside Bengaluru
"Vikram Jeshta, Mysuru",outside Bengaluru
"Krishnarajendra Hospital, Mysore",outside Bengaluru
"BHS Lakeview Hospital, Belagavi",outside Bengaluru
"Sigma Hospital, Mysuru",outside Bengaluru
"Shree Mahadeshwara Nursing Home, Mysuru",outside Bengaluru
"Clearmedi Radiant Hospital, Mysuru",outside Bengaluru
"Raichur Institute Of Medical Sciences, Raichur",outside Bengaluru
"Punya Hospital, Ramanagara",outside Bengaluru
"Shri Siddhivinayak Ganapati Cancer Hospital, Miraj",outside Bengaluru
"Paediatric Surgery Centre and PG Institute, Sangli",outside Bengaluru
"BVDU Medical College and Hospital, Sangli",outside Bengaluru
"Aaditya Hospital, Sangli",outside Bengaluru
"Kullolli Hospital, Sangli",outside Bengaluru
"Shri J G Co-Operative Hospital Society Ltd, Belagavi",outside Bengaluru
"Maax Super Speciality Hospital, Shivamogga",outside Bengaluru
"Mcgann Teaching District Hospital, Shivamogga",outside Bengaluru
"Subbaiah Medical College Hospital Research Centre, Shivamogga",outside Bengaluru
"Malnad Hospital and Institute Of Oncology, Shivamogga",outside Bengaluru
"Nanjappa Hospital, Shivamogga",outside Bengaluru
"Nanjappa Life Care, Shivamogga",outside Bengaluru
"Sahyadri Narayana Hrudayalaya, Shivamogga",outside Bengaluru
"Ashwini Rural Medical College Hospital and RC, Solapur",outside Bengaluru
"Gangamai Hospital, Solapur",outside Bengaluru
"Shri Siddheshwar Cancer Hospital and Research Centre, Solapur",outside Bengaluru
"Belgaum Childrens Hospital Pvt Ltd, Belagavi",outside Bengaluru
"Dr Raghoji Kidney Hospital and Research Center Pvt Ltd, Solapur",outside Bengaluru
"Balawant Institute Of Neurosurgery Intensive Trauma, Solapur",outside Bengaluru
"Yashodhara Super Speciality Hospital Pvt Ltd, Solapur",outside Bengaluru
"Ashwini Sahakari Rugnalaya ANI Sansodhan Kendra, Solapur",outside Bengaluru
"Shri Markandey Solapur Sahakari Rugnalaya, Solapur",outside Bengaluru
"S P Institute Of Neuro Sciences, Solapur",outside Bengaluru
"Mudra Hospital, Tiptur",outside Bengaluru
"Shridevi Inst Of Medicl Sciences and Research Hospital, Tumakuru",outside Bengaluru
"Tumkur District Hospital, Tumakuru",outside Bengaluru
"Tumkur Speciality Hospital, Tumakuru",outside Bengaluru
"BIMS Hospital, Belagavi",outside Bengaluru
"Kasturba Hospital, Udupi",outside Bengaluru
"Adarsha Hospital, Udupi",outside Bengaluru
"Sridevi Multispeciality Hospital, Uttara Kannada",outside Bengaluru
"Dr Munir Bangi Hospital, Vijayapura",outside Bengaluru
"Sanjeevini Superspeciality Hospital, Vijayapura",outside Bengaluru
"Yashoda Hospital, Vijayapura",outside Bengaluru
"BLDE University Shri BM Patil Medical College Hospital, Vijayapura",outside Bengaluru
"Bijapur Kidney Foundation, Vijayapura",outside Bengaluru
"Choudhari Hospital, Vijayapura",outside Bengaluru
"Dr Bidaris Ashwini Hospital Bijapur, Vijayapura",outside Bengaluru
"Dipali Hospital, Ballari",outside Bengaluru
"Vijayanagara Institute Of Medical Science, Ballari",outside Bengaluru
"Dhanush Hospital, Bagalakote",outside Bengaluru
"Sree Thirumala Hospital, Ballari",outside Bengaluru
"S. Nijalingappa Medical College and HSK Hospital, Bagalakote",outside Bengaluru
"Narayana Hrudayalaya Private Limited, Bengaluru Urban",outside Bengaluru
"Shanti Hospital, Bagalakote",outside Bengaluru
"Akash Hospital, Devanahalli",outside Bengaluru
"Sai Preet Bhalke Vydehi Hospital, Bidar",outside Bengaluru
"M/S Kerudi Hospital and Research Centre, Bagalakote",outside Bengaluru
"Ashraya Multispeciality Hospital, Chikmagalur",outside Bengaluru
"Chitradurga Government Hospital, Chitradurga",outside Bengaluru
"Omega Hospital, Mangalore",outside Bengaluru
"KMC Hospital, Mangalore",outside Bengaluru
"Pragathi Speciality Hospital, Puttur",outside Bengaluru
"Kanachur Hospital and Research Centre, Mangalore",outside Bengaluru
"KMC Hospital - New, Mangalore",outside Bengaluru
"Mangalore Institute Of Oncology, Mangalore",outside Bengaluru
"Yenepoya Specialty Hospital, Mangalore",outside Bengaluru
"A J Hospital And Research Centre, Mangalore",outside Bengaluru
"Venkatesh Hospital, Bagalakote",outside Bengaluru
"Father Muller Medical College Hospital, Mangalore",outside Bengaluru
"Justice KS Hegde Charitable Hospital, Mangalore",outside Bengaluru
"Unity Health Complex Unit of UCHS, Mangalore",outside Bengaluru
"Wenlock District Hospital, Mangalore",outside Bengaluru
"Indiana Hospital and Heart Institute Ltd, Mangalore",outside Bengaluru
"Yenepoya Medical College Hospital, Mangalore",outside Bengaluru
"Global Multispeciality Hospital India Pvt Ltd, Mangalore",outside Bengaluru
"Bapuji Child Health Institute and Research Centre, Devanagare",outside Bengaluru
"S.S. Institute Of Medical Sciences and Research Centre, Davanagere",outside Bengaluru
"SS Narayana Hrudayalaya, Davanagere",outside Bengaluru
"Baragi Hospital, Bagalakote",outside Bengaluru
"City Central Hospital Private Limited, Davangere",outside Bengaluru
"Sukshema Hospital Pvt Ltd, Davanagere",outside Bengaluru
"Shakuntala Memorial Hospital and Research Centre, Hubballi",outside Bengaluru
"Karnataka Institute of Medical Science, Hubballi",outside Bengaluru
"Ashoka Hospital, Hubballi",outside Bengaluru
"HCG NMR Curie of Oncology, Hubballi",outside Bengaluru
"Karnataka Cancer Therapy and Research Institute, Hubballi",outside Bengaluru
"Tatwadarsha Hospital, Hubbali",outside Bengaluru
"Fortis Suchirayu Hospital, Hubballi",outside Bengaluru
"SDM Narayana Hrudayalaya, Dharwad",outside Bengaluru
"Kerudi Healthcare Private Limited, Bagalakote",outside Bengaluru
"Aashraya Hospital, Gadag",outside Bengaluru
"Mahatma Gandhi Multi Specility Hospital, Gadag",outside Bengaluru
"Dr N B Patil Hospital, Gadag",outside Bengaluru
"Vaatsalya Healthcare Solutions Pvt Ltd, Gadag",outside Bengaluru
"K H Patil Hospital and Research Institute, Gadag",outside Bengaluru
"L Y Desai Memorial Sparsh Multispeciality Hospital, Gadag",outside Bengaluru
"Shree Basavalingappa Nisty Memorial Heart Centre, Kalalburagi gi",outside Bengaluru
"Chirayu Hospital, Kalaburagi",outside Bengaluru
"VTSM Peripheral Cancer Center, Kallburgi",outside Bengaluru
"Basaveshwar Teaching and General Hospital, Kalaburagi",outside Bengaluru
"Vijaya Hospital, Belagavi",outside Bengaluru
"Patil Nursing Home, Kalaburagi",outside Bengaluru
"HCG Cancer Centre, Kalaburagi",outside Bengaluru
"United Hospital, Kalaburagi",outside Bengaluru
"Nagesh Hospital, Hassan",outside Bengaluru
"Punya Hospital CRP, Hassan",outside Bengaluru
"NDRK Hospital, Hassan",outside Bengaluru
"Janapriya Hospital, Hassan",outside Bengaluru
"Mangala Hospital, Hassan",outside Bengaluru
"Rajeev Nursing Home, Hassan",outside Bengaluru
"SSM Hospital, Hassan",outside Bengaluru
"Dharwad Institute of Mental Health and Neurosciences, Dharwad",outside Bengaluru
"Belgaum Institute of Medical Sciences, Belagavi",outside Bengaluru
"Jawaharlal Nehru Medical College, Belagavi",outside Bengaluru
"S.Nijalingappa Medical College, Bagalakote",outside Bengaluru
"Al-Ameen Medical College, Vijayapura",outside Bengaluru
"BLDEA's B.M.Patil Medical College, Vijayapura",outside Bengaluru
"Bidar Institute of Medical Sciences, Bidar",outside Bengaluru
"Raichur Institute of Medical Sciences, Raichur",outside Bengaluru
"Navodaya Medical College, Raichur",outside Bengaluru
"Koppal Institute of Medical Sciences, Koppal",outside Bengaluru
"Gadag Institute of Medical Sciences, Gadag",outside Bengaluru
"Karnataka Institute of Medical Sciences, Hubli",outside Bengaluru
"Sri. Dharmasthala Manjunatha Medical College, Dharwad",outside Bengaluru
"Karwar Institute of Medical Sciences , Karwara",outside Bengaluru
"Vijayanagar Institute of Medical Sciences, Ballari",outside Bengaluru
"Sri. Basaveshwara Medical College, Chitradurga",outside Bengaluru
"JJM Medical College, Davanagere",outside Bengaluru
"S.S. Institute of Medical Sciences, Davanagere",outside Bengaluru
"Shivamogga Institute of Medical Sciences, Shivamogga",outside Bengaluru
"Tadikele Subbaiah Institute of Medical Sciences, Shivamogga",outside Bengaluru
"Kasturba Medical College, Udupi",outside Bengaluru
"Sri. Siddhartha Medical College, Tumakuru",outside Bengaluru
"Shri Devi Institute of Medical Sciences, Tumakuru",outside Bengaluru
"Oxford Medical College Hospital & Research Centre, Anekal",outside Bengaluru
"Adichunchanagiri Institute of Medical Sciences, Nagamangala",outside Bengaluru
"Mandya Institute of Medical Sciences, Mandya",outside Bengaluru
"Hassan Institute of Medical Sciences , Hassan",outside Bengaluru
"Yenepoya Medical College, Mangalore",outside Bengaluru
"K.S.Hegde Medical College, Mangalore",outside Bengaluru
"Kanachur Medical Sciences, Mangalore",outside Bengaluru
"Father Muller’s Medical College, Mangalore",outside Bengaluru
"Srinivas Institute of Medical Research Centre, Mangalore",outside Bengaluru
"A.J. Institute of Medical Sciences, Mangalore",outside Bengaluru
"Kasturba Medical College, Mangalore",outside Bengaluru
"K.V.G. Medical College, Sullia., Sulya",outside Bengaluru
"Kodagu Institute of Medical Sciences, Madikeri",outside Bengaluru
"Mysore Medical College & Research Institute, Mysuru",outside Bengaluru
"JSS Medical College, Mysuru",outside Bengaluru
"Chamarajanagar Institute of Medical Sciences, Chamarajanagar",outside Bengaluru
"ESI Medical College, Gulbarga, Kallburgi",outside Bengaluru
"Gulbarga Institute of Medical Sciences , Kallburgi",outside Bengaluru
"Khaja Banda Nawaz Institute of Medical Sciences, Kallburgi",outside Bengaluru
"Mahadevappa Rampure Medical College, Kallburgi",outside Bengaluru
"Sri. Devaraj Urs Medical College, Kolar",outside Bengaluru
"Sambhram Institute of Medical Science, Bangarpete",outside Bengaluru
"Akash Institute of Medical Sciences & Research Centre, Devanahalli",outside Bengaluru
"MVJ Medical College, Hosakote",outside Bengaluru
"Trauma Care Centre, Belgaum Institute of Medical Sciences(BIMS), Belgaum",outside Bengaluru
"Trauma Care Centre, Karnataka Institute of Medical Sciences(KIMS) ,Hubli",outside Bengaluru
"Trauma Care Centre, District Hospital, Haveri",outside Bengaluru
"Trauma Care Centre, District Hospital Chitradurga",outside Bengaluru
"Trauma Care Centre, Chigateri District Hospital, Davanagere",outside Bengaluru
"Trauma Care Centre, Genreral Hospital, Sira",outside Bengaluru
"Trauma Care Centre, District Hospital Tumkur",outside Bengaluru
"Trauma Care Centre, District Hospital, Chikkaballapura",outside Bengaluru
"ENT, Belgaum District Hospital",outside Bengaluru
"ENT, Bagalkote District Hospital FRU",outside Bengaluru
"ENT, Bijapur District Hospital FRU",outside Bengaluru
"ENT, Koppal District Hospital FRU",outside Bengaluru
"ENT, Gadag District Hospital FRU",outside Bengaluru
"ENT, Doddaballapur Taluk Hospital, (FRU)",outside Bengaluru
"ENT, Haveri District Hospital FRU",outside Bengaluru
"ENT, Chitradurga District Hospital FRU",outside Bengaluru
"ENT, Davanagere District Hospital",outside Bengaluru
"ENT, Shimoga District Hospital",outside Bengaluru
"ENT, Udupi District Hospital FRU",outside Bengaluru
"ENT, Chickmagalur District Hospital FRU",outside Bengaluru
"ENT, Chikkaballapur District Hospital FRU",outside Bengaluru
"ENT, Kolar District Hospital FRU",outside Bengaluru
"ENT, Ramanagara District Hospital FRU",outside Bengaluru
"ENT, Hassan District Hospital",outside Bengaluru
"ENT, Kodagu District Hospital FRU",outside Bengaluru
"ENT, KR Hospital Mysore District Hospital",outside Bengaluru
"ENT, Raichur District Hospital",outside Bengaluru
"ENT, Uttara Kannada District Hospital FRU",outside Bengaluru
"ENT, Tumkur District Hospital FRU",outside Bengaluru
"ENT, Wenlock Hospital Mangalore District Hospital",outside Bengaluru
"ENT, Bellary District Hospital FRU",outside Bengaluru
"ENT, Chamarajnagar District Hospital FRU",outside Bengaluru
"ENT, Mandya District Hospital",outside Bengaluru
"ENT, Gulbarga District Hospital FRU",outside Bengaluru
"ENT, Yadgir District Hospital FRU",outside Bengaluru
"ENT, Bidar District Hospital",outside Bengaluru
"ENT, Dharwad District Hospital FRU",outside Bengaluru
"Vydehi Hospital, Bengaluru Urban","same site as 'Vydehi Medical College, Bangalore(East)' (34 m apart)"
"BGS Global Hospital, Bengaluru","same site as 'BGS Global Institute of Medical Sciences, Bangalore (South)' (36 m apart)"
"Rajarajeswari Medical College and Hospital, Bengaluru Urban","same site as 'Sri. Rajarajeshwari Medical College, Bangalore (South)' (66 m apart)"
"Bowring and Lady Curzon Hospitals, Bengaluru",same name as 'Bowring and Lady Curzon' (261 m apart)
"ENT, KC General Hospital",same site as 'KC General Hospital' (0 m apart)
"Trauma Care Centre,Victoria Hospital Campus, Bengaluru",same site as 'Vanivilas Hospital' (0 m apart)
"Victoria Hospital, Bengaluru Urban",same name as 'Victoria Hospital' (432 m apart)
"Trauma Care Centre, Sanjay Gandhi Institue of Trauma and Orthopaedics, Bangalore",same site as 'Jayanagar General Hospital' (0 m apart)
"SDS TRC and Rajiv Gandhi Institute of Chest Diseases, Bangalore",same site as 'Rajiv Gandhi Institute of Chest Diseases' (11 m apart)
"SDS TRC RGICD, Bengaluru Urban",same site as 'Rajiv Gandhi Institute of Chest Diseases' (3 m apart)
"Sri Jayadeva Institute of Cardiovascular Sciences & Research, Bengaluru Urban","same site as 'Sri Jayadeva Institute of Cardio-Vascular Sciences & Research Institute, Bangalore' (51 m apart)"
"Indira Gandhi Institute Of Child Health, Bengaluru Urban","same name as 'Indira Gandhi Institute of Child Health Hospital, Bangalore' (132 m apart)"
"Karnataka Institute of Diabetology , Bangalore","same site as 'Institute of Nephro-Urology, Bangalore' (0 m apart)"
"Institute Of Nephrourology, Bengaluru Urban","same site as 'Institute of Nephro-Urology, Bangalore' (40 m apart)"
"Kidwai Memorial Institute Of Oncology, Bengaluru Urban","same site as 'Kidwai Memorial Institute of Oncology, Bangalore' (102 m apart)"
