hospital_id,name,facility_type,single_specialty,source,lat,lon,easting,northing
1,"Community Health Center, Avalahalli",Community health centre,False,KGIS,13.03700000024448,77.73670000030876,796829.5276006222,1442827.439500049
2,"Community Health Center, Banashankari RH UCHC",Community health centre,False,KGIS,12.923200000267324,77.56390000031436,778202.1850004015,1430035.5000000275
3,"Community Health Center, Gori Palya RH UCHC",Community health centre,False,KGIS,12.966100000012933,77.55489999960247,777177.5669003883,1434774.135500029
4,"Community Health Center, H Siddaiah Road RH UCHC",Community health centre,False,KGIS,12.956799999713395,77.58240000040612,780173.2379004206,1433774.7893000308
5,"Community Health Center, Hosahalli RH UCHC",Community health centre,False,KGIS,12.977200000051146,77.54279999960006,775851.8246003755,1435989.6157000272
6,"Community Health Center, Kadugondanahalli",Community health centre,False,KGIS,13.02109999993536,77.6186999998816,784040.8464004563,1440932.3370000345
7,"Community Health Center, Kengeri",Community health centre,False,KGIS,12.910000000168033,77.48380000006917,769519.8915003218,1428488.7982000217
8,"Community Health Center, R.C Pura RH UCHC",Community health centre,False,KGIS,12.990799999960716,77.56510000020293,778257.3119003959,1437519.1984000285
9,"Community Health Center, Ulsoor RH UCHC",Community health centre,False,KGIS,12.97349999988562,77.62649999967674,784941.7802004716,1435672.1619000353
10,Bowring and Lady Curzon,District hospital,False,KGIS,12.982170899579383,77.60208830002804,782281.9693004399,1436604.773500032
11,ESIC Model Hospital Rajajinagar,District hospital,False,KGIS,12.990991300296097,77.55116119969,776744.137200381,1437525.1773000273
12,HSIS Goshiya,District hospital,False,KGIS,12.987536200091554,77.60272529962894,782345.0499004395,1437199.3617000324
13,Indiranagar General Hospital,District hospital,False,KGIS,12.977789700070712,77.64424310022815,786862.9901004953,1436166.9042000382
14,Jayanagar General Hospital,District hospital,False,KGIS,12.926305999766951,77.59278300021488,781334.6512004354,1430410.8800000327
15,KC General Hospital,District hospital,False,KGIS,12.996395899662371,77.56712170010772,778470.5110003966,1438140.8009000279
16,Leprosy hospital Bangalore Urban,District hospital,True,KGIS,12.975248826222481,77.5646233596884,778222.897000398,1435797.37350003
17,Rajiv Gandhi Institute of Chest Diseases,District hospital,True,KGIS,12.938493999621345,77.59071999961617,781097.0018004307,1431757.6790000296
18,Vanivilas Hospital,District hospital,False,KGIS,12.961452899752087,77.57182060026841,779019.5557004069,1434278.2135000292
19,Victoria Hospital,District hospital,False,KGIS,12.963394099641175,77.57163070033674,778996.7760004073,1434492.8711000283
20,"Indira Gandhi Institute of Child Health Hospital, Bangalore",Specialty hospital,True,KGIS,12.937318100245145,77.59201609975466,781239.0368004311,1431628.9467000307
21,"Institute of Nephro-Urology, Bangalore",Specialty hospital,True,KGIS,12.961923999985364,77.57286689990273,779132.6134004074,1434331.5027000278
22,"Kidwai Memorial Institute of Oncology, Bangalore",Specialty hospital,True,KGIS,12.93756910019035,77.59853509993484,781946.5183004397,1431663.9121000306
23,"Sri Jayadeva Institute of Cardio-Vascular Sciences & Research Institute, Bangalore",Specialty hospital,True,KGIS,12.917958000021427,77.59932800004509,782054.650500446,1429494.0579000334
24,Bangalore East Taluk Hospital,Taluk hospital,False,KGIS,13.009136195224468,77.6926170009368,792077.6498005575,1439691.8246000425
25,Bangalore North Taluk Hospital,Taluk hospital,False,KGIS,13.099626000251794,77.59617800036318,781507.384100424,1449599.2548000303
26,"BGS Global Institute of Medical Sciences, Bangalore (South)",Teaching hospital,False,KGIS,12.900106111060795,77.49698194408374,770961.7630003336,1427407.6434000228
27,"Bangalore Medical College and Research Institute, Bangalore (North)",Teaching hospital,False,KGIS,12.959152499902208,77.5746131999163,779325.280300411,1434026.644900029
28,"Dr. B.R. Ambedkar Medical College, Bangalore (North)",Teaching hospital,False,KGIS,13.028213055690875,77.61844888862342,784005.4770004558,1441719.4072000328
29,"ESI Medical College, Bangalore, Bangalore (North)",Teaching hospital,False,KGIS,12.991236677276113,77.55331182748672,776977.2999003862,1437554.6761000282
30,"Kempegowda Institute of Medical Sciences, Bangalore (South)",Teaching hospital,False,KGIS,12.92671611125845,77.56255888906796,778052.6805003998,1430423.2260000291
31,"M.S.Ramaiah Medical College, Bangalore (North)",Teaching hospital,False,KGIS,13.030511110754537,77.56659999984625,778375.7691003948,1441916.3333000292
32,"Sapthagiri Institute of Medical Sciences & Research Centre, Bangalore (North)",Teaching hospital,False,KGIS,13.07313611149008,77.50290805543592,771417.0835003285,1446565.166800024
33,"Sri. Rajarajeshwari Medical College, Bangalore (South)",Teaching hospital,False,KGIS,12.896466111369675,77.46175388848256,767140.6834003027,1426967.8001000213
34,"St. Johns Medical College, Bangalore (South)",Teaching hospital,False,KGIS,12.92954194416252,77.62022000007656,784309.9571004661,1430799.4049000347
35,"Vydehi Medical College, Bangalore(East)",Teaching hospital,False,KGIS,12.976806944597552,77.73032888905001,796209.5480006195,1436156.6214000476
36,"Aster CMI Hospital, Bengaluru",Tertiary centre,False,KGIS,13.054687499884572,77.59191894497202,781096.232800422,1444620.302300032
37,"BMCRI SSH PMSSY, Bengaluru",Tertiary centre,False,KGIS,12.963281243899784,77.57316061527567,779162.9838004089,1434482.05330003
38,"Bhagwan Mahaveer Jain Hospital, Bengaluru",Tertiary centre,False,KGIS,12.991699219106383,77.5952758784645,781531.736600431,1437651.9125000304
39,"East Point Hospital, Bengaluru Urban",Tertiary centre,False,KGIS,13.05371093712497,77.71789550809049,794768.73230059,1444655.3947000455
40,"M S Ramaiah Narayana Hrudayalaya, Bengaluru Urban",Tertiary centre,False,KGIS,13.028076171927012,77.56970214839608,778715.1620004014,1441650.2216000287
41,"Mallya Hospital, Bengaluru Urban",Tertiary centre,False,KGIS,12.968078613089435,77.59509277371045,781538.4781004328,1435037.1732000303
42,"Medihope Hospital, Bengaluru Urban",Tertiary centre,False,KGIS,12.97365434166847,77.67528821523511,790237.9530005372,1435744.2996000384
43,"NU Hospitals Pvt Ltd, Bengaluru Urban",Tertiary centre,False,KGIS,12.917907715203919,77.55590820357524,777340.3403003945,1429441.0457000283
44,"Regal Hospital, Bengaluru Urban",Tertiary centre,False,KGIS,13.083496093769261,77.63488769534648,785725.9994004713,1447857.2764000355
45,"Sagar Hospitals, Bengaluru Urban",Tertiary centre,False,KGIS,12.90789794929399,77.5653076167801,778371.9757004057,1428343.3077000289
46,"Sanjay Gandhi Institute of Trauma and Orthopaedic, Bengaluru Urban",Tertiary centre,False,KGIS,12.93292236290335,77.58947753885482,780968.3535004302,1431139.5990000314
47,"Sapthagiri Super Speciality Hospital, Bengaluru Urban",Tertiary centre,False,KGIS,13.069702148043211,77.50268554644468,771396.6978003297,1446184.849300026
48,"Sparsh Super Speciality Hospital, Bengaluru Urban",Tertiary centre,False,KGIS,13.027526855842957,77.5429077145802,775807.8557003719,1441560.1538000256
49,"Specialist Health System Pvt Ltd, Bengaluru Urban",Tertiary centre,False,KGIS,13.020771812149727,77.64771465964142,787190.355700497,1440928.640900038
50,"Suguna Hospital, Bengaluru Urban",Tertiary centre,False,KGIS,12.988098144861969,77.55987548844327,777693.2300003916,1437214.435400028
51,"Trinity Hospital And Heart Foundation, Bengaluru Urban",Tertiary centre,True,KGIS,12.943481445522146,77.57952880876874,779876.4259004162,1432297.443100031
