ward_no,ward_name,ward_label,population,area_sqkm,density_per_sqkm,sample_points,points_reachable,median_min,mean_min,best_min,worst_min,share_under_30,median_direct_only,median_800m,median_frequent,median_general,straight_line_km,share_reachable,band,band_colour,people_over_45,people_over_60,crow_fly_min,penalty_ratio
139,K R Market,139-K R Market,29344,0.81197179296875,36139.186427538065,12.0,12.0,3.040521072081356,3.6068441085694563,0.6570823938521635,8.724599714610246,1.0,3.040521072081356,3.040521072081356,3.040521072081356,3.327542768551747,0.24324168576650845,1.0,Under 30 min,#2e8b7a,0,0,3.0405210720813556,1.0000000000000002
97,Dayananda Nagar,97-Dayananda Nagar,35721,0.44550487109375,80180.94148398894,7.0,7.0,3.248562675651878,3.373300921197146,0.8042291090642465,6.248741913513844,1.0,3.248562675651878,3.248562675651878,3.248562675651878,3.248562675651878,0.25988501405215025,1.0,Under 30 min,#2e8b7a,0,0,3.248562675651878,1.0
92,Shivaji Nagar,92-Shivaji Nagar,37506,0.42555355078125,88134.61885383127,6.0,6.0,3.2874163904160802,4.557646213756262,0.9421362015761424,11.556124737634402,1.0,3.2874163904160802,3.2874163904160802,3.2874163904160802,3.2874163904160802,0.26299331123328645,1.0,Under 30 min,#2e8b7a,0,0,3.287416390416081,0.9999999999999998
169,Byrasandra,169-Byrasandra,32066,0.86855881640625,36918.628185338464,13.0,13.0,3.5643459364117347,3.914179729511986,1.386097054827896,6.87909225741649,1.0,3.5643459364117347,3.5643459364117347,3.5643459364117347,3.5643459364117347,0.2851476749129388,1.0,Under 30 min,#2e8b7a,0,0,3.5643459364117347,1.0
137,Rayapuram,137-Rayapuram,36039,0.45184509765625,79759.6348548134,6.0,6.0,4.60621894182863,4.829533770369655,1.3248536250707617,8.650220526906189,1.0,4.60621894182863,4.60621894182863,4.60621894182863,4.60621894182863,0.3684975153462904,1.0,Under 30 min,#2e8b7a,0,0,4.6062189418286295,1.0000000000000002
153,Jayanagar,153-Jayanagar,38151,2.50073362109375,15255.92317318221,42.0,42.0,4.953141740778996,5.111787123891469,0.35825772852619203,10.253176303751424,1.0,4.953141740778996,4.953141740778996,4.953141740778996,11.233560280216917,0.39625133926231965,1.0,Under 30 min,#2e8b7a,0,0,4.953141740778995,1.0000000000000002
165,Ganesh Mandir ward,165-Ganesh Mandir ward,25998,1.626526703125,15983.752341754227,29.0,29.0,5.495422795963773,5.499389380298272,1.2449051881196704,10.54915872327891,1.0,5.495422795963773,5.495422795963773,5.495422795963773,5.495422795963773,0.4396338236771018,1.0,Under 30 min,#2e8b7a,0,0,5.495422795963773,1.0
107,Shivanagara,107-Shivanagara,36461,0.77947173046875,46776.55208621035,12.0,12.0,5.678080373426199,5.193988443099996,2.121924178733674,8.22259947239008,1.0,5.678080373426199,5.678080373426199,5.678080373426199,5.678080373426199,0.4556766126285092,1.0,Under 30 min,#2e8b7a,0,0,5.695957657856366,0.9968614084752704
99,Rajaji Nagar,99-Rajaji Nagar,33084,0.86295815234375,38337.896119464844,12.0,12.0,6.046190539458994,6.160549623178262,0.9700039404967418,14.828605482977704,1.0,6.046190539458994,6.046190539458994,6.046190539458994,6.046190539458994,0.4836952431567196,1.0,Under 30 min,#2e8b7a,0,0,6.046190539458995,0.9999999999999999
170,Jayanagar East,170-Jayanagar East,33927,1.0155246875,33408.34587046906,17.0,17.0,6.24086702529208,5.707046401330558,0.39804412163541447,9.376639820368585,1.0,6.24086702529208,6.24086702529208,6.24086702529208,10.421858007259447,0.4992693620233664,1.0,Under 30 min,#2e8b7a,0,0,6.24086702529208,1.0
182,Padmanabha Nagar,182-Padmanabha Nagar,41037,1.69023994140625,24278.801485342927,26.0,26.0,6.507803530202198,8.084837733823077,1.0264435378421282,20.18451217529412,1.0,6.507803530202198,6.507803530202198,6.507803530202198,6.507803530202198,0.5206242824161758,1.0,Under 30 min,#2e8b7a,0,0,6.507803530202198,1.0
105,Agrahara Dasarahalli,105-Agrahara Dasarahalli,28355,0.79370769921875,35724.73849996662,14.0,14.0,6.553688719231378,7.032786573724057,0.544430629709489,14.496040356274332,1.0,6.553688719231378,6.553688719231378,6.553688719231378,6.553688719231378,0.5252083357190207,1.0,Under 30 min,#2e8b7a,0,0,6.565104196487759,0.9982611887161686
96,Okalipuram,96-Okalipuram,38110,0.8235090204036444,46277.574447600244,12.0,12.0,6.782945335214974,6.750579801465583,2.9021147975559995,10.144222265561806,1.0,6.782945335214974,6.782945335214974,6.782945335214974,9.630728339588817,0.5426356268171979,1.0,Under 30 min,#2e8b7a,0,0,6.782945335214974,1.0
119,Dharmaraya Swamy Temple wa,119-Dharmaraya Swamy Temple wa,27076,1.10252525,24558.167715433276,19.0,19.0,6.884723845803748,7.860352978148331,0.08406295765030862,15.48893980604044,1.0,6.884723845803748,6.884723845803748,6.884723845803748,6.884723845803748,0.5532336537954436,1.0,Under 30 min,#2e8b7a,0,0,6.915420672443045,0.9955611049430991
89,Jogupalya,89-Jogupalya,33793,0.90341936328125,37405.66272263932,13.0,13.0,6.905760070501373,6.945310933327718,2.0397856033643396,11.159194578346387,1.0,6.905760070501373,6.905760070501373,6.905760070501373,6.905760070501373,0.5524608056401098,1.0,Under 30 min,#2e8b7a,0,0,6.905760070501373,1.0
120,Cottonpete,120-Cottonpete,37344,0.7569637421875,49333.93492808786,16.0,16.0,6.988908801289313,6.764858989009773,1.2773739791830925,9.965128880260114,1.0,6.988908801289313,6.988908801289313,6.988908801289313,11.154305497370371,0.559112704103145,1.0,Under 30 min,#2e8b7a,0,0,6.988908801289313,1.0
98,Prakash Nagar,98-Prakash Nagar,32913,0.56668445703125,58079.94130000463,11.0,11.0,7.121182420934149,6.819449653405707,1.7537829600622943,11.353329958530022,1.0,7.121182420934149,7.121182420934149,7.121182420934149,7.121182420934149,0.5696945936747319,1.0,Under 30 min,#2e8b7a,0,0,7.121182420934149,1.0
23,Nagavara,23-Nagavara,60483,2.07215456640625,29188.459674075388,34.0,34.0,7.2506127606529915,8.786802393465349,1.0486132846038672,21.19512685529597,1.0,7.2506127606529915,7.2506127606529915,7.2506127606529915,7.2506127606529915,0.5800490208522393,1.0,Under 30 min,#2e8b7a,0,0,7.2506127606529915,1.0
95,Subhash Nagar,95-Subhash Nagar,37693,1.317449525855277,28610.58375312711,23.0,23.0,7.352011620767998,7.259071803811872,1.959603617577366,13.823138832633509,1.0,7.352011620767998,7.352011620767998,7.352011620767998,13.081432275379777,0.5881609296614398,1.0,Under 30 min,#2e8b7a,0,0,7.352011620767998,1.0
121,Binnipete,121-Binnipete,37354,0.7742627295963554,48244.60557396799,11.0,11.0,7.926972518727437,7.06421489970894,3.572788157764406,10.732327135021881,1.0,7.926972518727437,7.926972518727437,7.926972518727437,10.555569969115705,0.634157801498195,1.0,Under 30 min,#2e8b7a,0,0,7.926972518727437,1.0
181,Kumaraswamy Layout,181-Kumaraswamy Layout,47182,1.86895483984375,25245.12577518703,30.0,30.0,7.978687315940034,8.187680152997366,1.101390918538232,19.32072598757082,1.0,7.978687315940034,7.978687315940034,7.978687315940034,7.978687315940034,0.6382949852752027,1.0,Under 30 min,#2e8b7a,0,0,7.978687315940033,1.0000000000000002
143,Vishveshwara Puram,143-Vishveshwara Puram,32462,2.464218296875,13173.345900875222,43.0,43.0,8.124599757242487,8.242190012321826,2.877195526087905,15.54809386065157,1.0,8.124599757242487,8.124599757242487,8.124599757242487,10.657381464507928,0.649967980579399,1.0,Under 30 min,#2e8b7a,0,0,8.124599757242487,1.0
80,Hoysala Nagar,80-Hoysala Nagar,35228,2.049841578125,17185.718338401166,34.0,34.0,8.236985059602938,7.937831446979311,1.4001677973481785,13.749006260000206,1.0,8.236985059602938,8.236985059602938,8.236985059602938,8.236985059602938,0.6589588047682351,1.0,Under 30 min,#2e8b7a,0,0,8.236985059602938,1.0
76,Gayithri Nagar,76-Gayithri Nagar,33236,0.64580018359375,51464.83516781963,8.0,8.0,8.260448922914849,8.314994340463508,2.38875283757113,12.822963129435404,1.0,8.260448922914849,8.260448922914849,8.260448922914849,8.260448922914849,0.6608359138331878,1.0,Under 30 min,#2e8b7a,0,0,8.260448922914849,1.0
31,Kushal Nagar,31-Kushal Nagar,41936,0.65028304296875,64488.84136444456,9.0,9.0,8.523346400434642,8.199404077432968,3.402380829977529,11.595415535034904,1.0,8.523346400434642,8.523346400434642,8.523346400434642,8.523346400434642,0.6967242281077605,1.0,Under 30 min,#2e8b7a,0,0,8.709052851347007,0.9786766191361852
136,Jagajivanaramnagar,136-Jagajivanaramnagar,38639,0.636979889412502,60659.6858742863,12.0,12.0,8.605386807580983,8.66262264630708,3.430134555323714,14.649266289565208,1.0,8.605386807580983,8.605386807580983,8.605386807580983,8.605386807580983,0.6884309446064787,1.0,Under 30 min,#2e8b7a,0,0,8.605386807580983,1.0
144,Siddapura,144-Siddapura,34879,0.6619907578125,52688.046756506235,11.0,11.0,8.738971894801479,8.315784939420963,4.3264002576148055,12.973982563467482,1.0,8.738971894801479,8.738971894801479,8.738971894801479,16.027343456394995,0.6991177515841183,1.0,Under 30 min,#2e8b7a,0,0,8.738971894801479,1.0
138,Chalavadipalya,138-Chalavadipalya,24801,0.3962128828125,62595.13780559374,6.0,6.0,8.78707245149068,8.666038711362068,5.326006480013409,11.569731580239194,1.0,8.78707245149068,8.78707245149068,8.78707245149068,8.78707245149068,0.7029657961192544,1.0,Under 30 min,#2e8b7a,0,0,8.78707245149068,1.0
108,Sriramamandir,108-Sriramamandir,33866,1.05864874609375,31989.836218066,17.0,17.0,8.898374881834439,8.15842287012431,1.6764606546527747,12.674781989878458,1.0,8.898374881834439,8.898374881834439,8.898374881834439,8.898374881834439,0.7581475838950922,1.0,Under 30 min,#2e8b7a,0,0,9.476844798688653,0.9389596506915193
30,Kadugondanahalli,30-Kadugondanahalli,45748,0.69520505859375,65805.04476267526,11.0,11.0,8.980910741470668,8.340800422526742,2.053082658236747,13.17681398086993,1.0,8.980910741470668,8.980910741470668,8.980910741470668,8.980910741470668,0.7184728593176534,1.0,Under 30 min,#2e8b7a,0,0,8.980910741470668,1.0
123,Vijayanagar,123-Vijayanagar,40331,0.731634375,55124.52855977414,13.0,13.0,8.990624806121236,8.737715457192753,5.869847343825643,10.736279686269887,1.0,8.990624806121236,8.990624806121236,8.990624806121236,8.990624806121236,0.7192499844896988,1.0,Under 30 min,#2e8b7a,0,0,8.990624806121236,1.0
168,Pattabhiram Nagar,168-Pattabhiram Nagar,28353,1.750643890625,16195.755260013306,24.0,24.0,9.17754372885955,8.868579873711887,1.7560652174559492,15.605418862226125,1.0,9.17754372885955,9.17754372885955,9.17754372885955,9.24550567580986,0.7342034983087641,1.0,Under 30 min,#2e8b7a,0,0,9.17754372885955,1.0
118,Sudham Nagara,118-Sudham Nagara,28784,1.00412222265625,28665.833053526472,14.0,14.0,9.311440649756499,7.943950572783123,1.2710441282785956,12.988175148640147,1.0,9.311440649756499,9.311440649756499,9.311440649756499,9.311440649756499,0.7449152519805199,1.0,Under 30 min,#2e8b7a,0,0,9.311440649756499,1.0
65,Kadu Malleshwar Ward,65-Kadu Malleshwar Ward,35609,1.36080140234375,26167.668506711947,22.0,22.0,9.361848648447012,9.887767797383695,2.060637285726915,19.72388322923819,1.0,9.361848648447012,9.361848648447012,9.361848648447012,9.361848648447012,0.7489478918757608,1.0,Under 30 min,#2e8b7a,0,0,9.36184864844701,1.0000000000000002
122,Kempapura Agrahara,122-Kempapura Agrahara,40032,0.35643851953125,112311.09379717385,5.0,5.0,9.429261864460818,8.280218058622172,6.3504185096997965,9.646938471953055,1.0,9.429261864460818,9.429261864460818,9.429261864460818,9.429261864460818,0.7543409491568654,1.0,Under 30 min,#2e8b7a,0,0,9.429261864460818,1.0
110,Sampangiram Nagar,110-Sampangiram Nagar,27504,4.4582201286125,6169.2781438676675,71.0,71.0,9.558426746973762,10.120153774287559,1.1585668554844828,18.931698006402517,1.0,9.558426746973762,9.558426746973762,9.558426746973762,9.558426746973762,0.7651973859867879,1.0,Under 30 min,#2e8b7a,0,0,9.56496732483485,0.9993161944375799
106,Dr. Raj Kumar Ward,106-Dr. Raj Kumar Ward,24181,0.98260136328125,24609.16593810859,16.0,16.0,9.717580597429375,9.532557747261325,4.46320617567743,13.093553209279596,1.0,9.717580597429375,9.702024769253624,9.717580597429375,9.717580597429375,0.7774064477943501,1.0,Under 30 min,#2e8b7a,0,0,9.717580597429377,0.9999999999999998
104,Govindaraja Nagar,104-Govindaraja Nagar,26873,0.76573896484375,35094.204727434066,11.0,11.0,9.76038221836478,8.85992038166246,3.524396897328825,13.164251076021458,1.0,9.76038221836478,9.76038221836478,9.76038221836478,9.76038221836478,0.7808305774691825,1.0,Under 30 min,#2e8b7a,0,0,9.76038221836478,1.0
180,Banashankari Temple ward,180-Banashankari Temple ward,42171,0.6829050234375,61752.36460807719,9.0,9.0,10.166207396211552,10.231245297997187,7.757105574087696,14.471880940639462,1.0,10.166207396211552,10.166207396211552,10.166207396211552,10.166207396211552,0.8132965916969243,1.0,Under 30 min,#2e8b7a,0,0,10.166207396211552,1.0
63,Jayamahal,63-Jayamahal,21728,1.4400371015625,15088.500134075864,21.0,21.0,10.267886958618542,9.300128492128227,3.5331736398247493,17.56172872622484,1.0,10.267886958618542,10.246902232319687,10.267886958618542,10.267886958618542,0.8214309566894833,1.0,Under 30 min,#2e8b7a,0,0,10.267886958618542,1.0
77,Dattatreya Temple,77-Dattatreya Temple,33388,0.7150985426045983,46690.068586059664,9.0,9.0,10.743801235832539,9.965463281776218,4.637370219967398,13.85981063721293,1.0,10.743801235832539,10.743801235832539,10.743801235832539,10.743801235832539,0.8595040988666032,1.0,Under 30 min,#2e8b7a,0,0,10.743801235832539,1.0
36,Mattikere,36-Mattikere,37036,0.9041300215385915,40963.134856394296,14.0,14.0,10.80931003896442,10.612982967969943,5.840217540270422,15.448322127878209,1.0,10.80931003896442,10.80931003896442,10.80931003896442,10.80931003896442,0.8647448031171534,1.0,Under 30 min,#2e8b7a,0,0,10.809310038964417,1.0000000000000002
151,Koramangala,151-Koramangala,38316,3.709054230562604,10330.396273065027,61.0,60.0,10.89127896988656,14.395432081998674,0.3838493815785353,52.41489831237208,0.9672131147540983,10.89127896988656,10.89127896988656,10.89127896988656,10.89127896988656,0.8713023175909249,0.9836065573770492,Under 30 min,#2e8b7a,0,0,10.89127896988656,1.0
135,Padarayanapura,135-Padarayanapura,37599,0.31515198046875,119304.34307941233,5.0,5.0,11.157355464945196,10.081606235009557,4.449446380809866,14.181772348299114,1.0,11.157355464945196,11.157355464945196,11.157355464945196,11.157355464945196,0.8925884371956158,1.0,Under 30 min,#2e8b7a,0,0,11.157355464945196,1.0
171,Gurappanapalya,171-Gurappanapalya,48991,0.6817035078125,71865.55362932765,11.0,11.0,11.631838443492935,11.336093597147483,7.367897825099575,14.371590410168224,1.0,11.631838443492935,11.631838443492935,11.631838443492935,16.212025798938676,0.9305470754794348,1.0,Under 30 min,#2e8b7a,0,0,11.631838443492935,1.0
145,Hombegowda Nagara,145-Hombegowda Nagara,38309,1.40491638671875,27267.8149120835,23.0,23.0,11.694715047892778,11.59250852119786,4.980064004138837,17.599683077306604,1.0,11.694715047892778,11.694715047892778,11.694715047892778,19.446049915387135,1.030001475492284,1.0,Under 30 min,#2e8b7a,0,0,12.87501844365355,0.9083260811682506
164,Vidyapeeta ward,164-Vidyapeeta ward,43483,1.23085855078125,35327.37370382689,21.0,21.0,11.804235863835325,12.812890357186964,5.219156411132454,20.857762903802033,1.0,11.804235863835325,11.804235863835325,11.804235863835325,11.804235863835325,0.944338869106826,1.0,Under 30 min,#2e8b7a,0,0,11.804235863835325,1.0
146,Lakkasandra,146-Lakkasandra,30667,1.29341327734375,23710.13235845239,19.0,19.0,11.814474067324559,10.879253355668691,2.058500083295388,18.676714923261564,1.0,11.814474067324559,11.814474067324559,11.814474067324559,17.713609151529084,0.9451579253859648,1.0,Under 30 min,#2e8b7a,0,0,11.814474067324559,1.0
140,Chamrajapet,140-Chamrajapet,32213,1.031784413510956,31220.669335743893,15.0,15.0,11.84947683020082,11.164010206716103,3.171476300630658,17.611960677992666,1.0,11.84947683020082,11.84947683020082,11.84947683020082,11.84947683020082,0.9479581464160656,1.0,Under 30 min,#2e8b7a,0,0,11.84947683020082,1.0
152,Suddagunte Palya,152-Suddagunte Palya,39997,1.73416697265625,23064.099726646265,27.0,27.0,11.977738615843224,11.468393945209257,5.017608126484618,16.02176234673631,1.0,11.977738615843224,11.977738615843224,11.977738615843224,15.483222923290839,0.9592662059958973,1.0,Under 30 min,#2e8b7a,0,0,11.990827574948716,0.9989084190374952
27,Banasavadi,27-Banasavadi,51268,3.4515269296875,14853.715774033315,55.0,55.0,11.99520824492173,11.786301025957416,1.8802918069045873,23.393596825122092,1.0,11.99520824492173,11.99520824492173,11.99520824492173,11.99520824492173,0.9596166595937384,1.0,Under 30 min,#2e8b7a,0,0,11.99520824492173,1.0
124,Hosahalli,124-Hosahalli,37347,0.88586589453125,42158.75137597651,13.0,13.0,12.11357961005202,11.63508532923574,5.414631765497941,15.630179343597717,1.0,12.11357961005202,12.11357961005202,12.11357961005202,12.11357961005202,0.9690863688041615,1.0,Under 30 min,#2e8b7a,0,0,12.11357961005202,1.0
91,Bharathi Nagar,91-Bharathi Nagar,32689,0.78067064453125,41872.97194917321,13.0,13.0,12.40911850414931,12.361647575034292,6.360728161436008,18.478898737244258,1.0,12.40911850414931,12.40911850414931,12.40911850414931,12.40911850414931,0.9927294803319449,1.0,Under 30 min,#2e8b7a,0,0,12.40911850414931,1.0
100,Basaveshwara Nagar,100-Basaveshwara Nagar,30333,0.8374021640625,36222.73896791133,14.0,14.0,12.4294653100179,12.581536579649198,8.40656467344907,17.33429287412984,1.0,12.4294653100179,12.4294653100179,12.4294653100179,12.4294653100179,0.9943572248014321,1.0,Under 30 min,#2e8b7a,0,0,12.4294653100179,1.0
177,J P Nagar,177-J P Nagar,28846,1.7951841875,16068.546169722766,29.0,29.0,12.507138965629023,12.234284708812252,2.796285493807791,19.787444071415248,1.0,12.507138965629023,12.507138965629023,12.507138965629023,20.76049883727044,1.029630570207014,1.0,Under 30 min,#2e8b7a,0,0,12.870382127587675,0.9717768160760325
167,Yediyur,167-Yediyur,32756,1.22652384375,26706.37033834672,20.0,20.0,12.511692218019842,12.519807705554863,7.603925039749055,17.39751700458732,1.0,12.511692218019842,12.511692218019842,12.511692218019842,15.776438643436439,1.0009353774415874,1.0,Under 30 min,#2e8b7a,0,0,12.511692218019842,1.0
185,Yelchenahalli,185-Yelchenahalli,46943,1.582723734375,29659.629776473445,24.0,24.0,12.566909360308507,12.377675003305127,4.739166862540534,20.82305436967301,1.0,12.566909360308507,12.566909360308507,12.566909360308507,12.566909360308507,1.0053527488246805,1.0,Under 30 min,#2e8b7a,0,0,12.566909360308506,1.0000000000000002
111,Shantala Nagar,111-Shantala Nagar,22995,3.9864917357955716,5768.229692670104,64.0,64.0,12.665334296822024,12.6984399401294,0.46102625842733264,23.20441646360717,1.0,12.665334296822024,12.665334296822024,12.665334296822024,12.665334296822024,1.0132267437457618,1.0,Under 30 min,#2e8b7a,0,0,12.665334296822023,1.0000000000000002
42,Lakshmi Devi Nagar,42-Lakshmi Devi Nagar,41352,1.520051055060453,27204.349394932276,25.0,25.0,12.747966624974335,17.398309579631093,2.9931683635051356,45.8887543821331,0.8,12.747966624974335,12.747966624974335,12.747966624974335,12.747966624974335,1.466639036926545,1.0,Under 30 min,#2e8b7a,0,0,18.332987961581814,0.6953567335389452
183,Chikkalsandra,183-Chikkalsandra,43364,1.08898601953125,39820.52957729051,19.0,19.0,12.773101334822528,12.410358377656731,5.31915396139116,18.950851949419782,1.0,12.773101334822528,12.773101334822528,12.773101334822528,12.773101334822528,1.0218481067858023,1.0,Under 30 min,#2e8b7a,0,0,12.77310133482253,0.9999999999999999
109,Chickpete,109-Chickpete,33292,0.7128691990799134,46701.41456941799,11.0,11.0,12.846723349215969,12.444595295998925,8.454392122328164,17.252894118509424,1.0,12.846723349215969,12.846723349215969,12.846723349215969,12.846723349215969,1.0277378679372775,1.0,Under 30 min,#2e8b7a,0,0,12.846723349215969,1.0
90,Halsoor,90-Halsoor,35090,1.6826345078125,20854.20204867816,25.0,25.0,13.203794097705151,12.94459989520649,4.611895153220241,20.064483129496896,1.0,13.203794097705151,13.203794097705151,13.203794097705151,13.203794097705151,1.0563035278164121,1.0,Under 30 min,#2e8b7a,0,0,13.203794097705151,1.0
125,Marenahalli,125-Marenahalli,21171,0.6906700734788047,30652.841078468555,11.0,11.0,13.442013037413389,13.671215912185119,8.845128342680354,16.477395125285817,1.0,13.442013037413389,13.442013037413389,13.442013037413389,13.442013037413389,1.2560731431486831,1.0,Under 30 min,#2e8b7a,0,0,15.70091428935854,0.8561293176744398
37,Yeshwanthpura,37-Yeshwanthpura,41107,0.7896936875992198,52054.3606280697,12.0,12.0,13.447619933392794,13.634830286322439,9.559652869538109,16.205336518565634,1.0,13.447619933392794,13.447619933392794,13.447619933392794,13.447619933392794,1.192106995105715,1.0,Under 30 min,#2e8b7a,0,0,14.901337438821438,0.9024438234892008
159,Kengeri,159-Kengeri,40771,5.083020118928402,8021.018812846114,78.0,78.0,13.470459907897638,13.272611833712126,3.5863066591041153,23.926382409507273,1.0,13.470459907897638,13.470459907897638,13.470459907897638,13.470459907897638,1.2082991972556374,1.0,Under 30 min,#2e8b7a,0,0,15.103739965695468,0.8918625412310173
154,Basavanagudi,154-Basavanagudi,32640,1.164325609375,28033.39524372471,18.0,18.0,13.804454428117312,13.406256144226283,8.193603630523182,17.587494346557445,1.0,13.804454428117312,13.804454428117312,13.804454428117312,17.19008471892093,1.104356354249385,1.0,Under 30 min,#2e8b7a,0,0,13.804454428117314,0.9999999999999999
18,Radhakrishna Temple Ward,18-Radhakrishna Temple Ward,35122,1.9488850099237376,18021.58661037388,31.0,31.0,13.824910158116912,13.72380975877826,4.704606983825372,22.94612652225852,1.0,13.824910158116912,13.824910158116912,13.824910158116912,13.824910158116912,1.1139832096556395,1.0,Under 30 min,#2e8b7a,0,0,13.924790120695494,0.9928271836262625
48,Muneshwara Nagar,48-Muneshwara Nagar,35814,0.48417982421875,73968.3857289754,7.0,7.0,14.197637273823261,13.730142425697698,10.356742598962727,17.003341934481565,1.0,14.197637273823261,14.197637273823261,14.197637273823261,14.197637273823261,1.1609541552127574,1.0,Under 30 min,#2e8b7a,0,0,14.511926940159466,0.9783426647865449
172,Madivala,172-Madivala,42624,1.16516596875,36581.91291471325,17.0,17.0,14.23071545307802,14.080162583591536,10.175924240202047,15.997441980300067,1.0,14.23071545307802,14.23071545307802,14.23071545307802,15.956234984517366,1.2580598273572334,1.0,Under 30 min,#2e8b7a,0,0,15.725747841965418,0.9049309194124437
166,Karisandra,166-Karisandra,27040,1.1028587064374997,24518.099954386485,17.0,17.0,14.299290643945302,13.893661955874304,8.419343085245922,18.161928597659813,1.0,14.299290643945302,14.299290643945302,14.299290643945302,14.299290643945302,1.143943251515624,1.0,Under 30 min,#2e8b7a,0,0,14.299290643945302,1.0
44,Marappana Palya,44-Marappana Palya,40212,2.035977625,19750.708213210346,32.0,32.0,14.393149468924317,13.925108610306577,4.892343563791972,20.282972050826647,1.0,14.393149468924317,14.393149468924317,14.393149468924317,14.393149468924317,1.2869710262597542,1.0,Under 30 min,#2e8b7a,0,0,16.087137828246927,0.8946992076895005
67,Nagapura,67-Nagapura,34574,1.7977619765625,19231.689428713435,29.0,29.0,14.3973168060659,14.645848763530768,8.910782664029302,21.48642359880823,1.0,14.3973168060659,14.3973168060659,14.3973168060659,14.3973168060659,1.5501944909009293,1.0,Under 30 min,#2e8b7a,0,0,19.377431136261617,0.7429940896099346
94,Gandhinagar,94-Gandhinagar,31208,1.923237267252309,16226.80702552434,31.0,31.0,14.689303186012708,15.248708540457017,8.821943045086664,23.855414997130843,1.0,14.689303186012708,14.689303186012708,14.689303186012708,16.569209264808197,1.1751442548810167,1.0,Under 30 min,#2e8b7a,0,0,14.689303186012708,1.0
32,Kaval Bairasandra,32-Kaval Bairasandra,39334,1.5826094296875,24853.889571330837,27.0,27.0,14.812196072787765,14.761281992297443,5.461361084187013,24.814475918517367,1.0,14.812196072787765,14.812196072787765,14.812196072787765,14.812196072787765,1.1849756858230212,1.0,Under 30 min,#2e8b7a,0,0,14.812196072787765,1.0
52,K R Puram,52-K R Puram,35168,4.834824477565625,7273.893843134381,77.0,77.0,14.835720415278923,14.948873958773317,0.9925536966124785,31.187511686450907,0.987012987012987,14.835720415278923,14.835720415278923,14.835720415278923,14.835720415278923,1.2944182249187086,1.0,Under 30 min,#2e8b7a,0,0,16.180227811483856,0.9169042975247435
55,Devasandra,55-Devasandra,33946,3.5375877729631195,9595.80431033842,59.0,59.0,14.981128454684015,14.645577727492535,2.136635139410689,24.82950690114921,1.0,14.981128454684015,14.981128454684015,14.981128454684015,14.981128454684015,1.2091697744149643,1.0,Under 30 min,#2e8b7a,0,0,15.114622180187055,0.9911679085383933
58,New Tippasandara,58-New Tippasandara,43983,3.33161767578125,13201.694876254423,53.0,53.0,14.983762650032578,14.515219976625646,5.137368563433463,22.653521233384613,1.0,14.983762650032578,14.983762650032578,14.983762650032578,14.983762650032578,1.1987010120026063,1.0,Under 30 min,#2e8b7a,0,0,14.983762650032578,1.0
24,HBR Layout,24-HBR Layout,58967,4.611314691534338,12787.459530414246,75.0,73.0,15.004823047042786,22.32555049299,4.004126282353666,63.20319150972475,0.8666666666666667,15.004823047042786,15.004823047042786,15.004823047042786,15.004823047042786,1.3311442348981941,0.9733333333333334,Under 30 min,#2e8b7a,0,0,16.639302936227427,0.9017699301798263
176,BTM Layout,176-BTM Layout,52250,2.1091825078125,24772.631010575813,35.0,35.0,15.195930783393255,15.040129390049138,4.3486745498528645,24.35762925633926,1.0,15.195930783393255,15.195930783393255,15.195930783393255,26.975381402077605,1.3524082812908993,1.0,Under 30 min,#2e8b7a,0,0,16.905103516136244,0.8988960504671533
142,Sunkenahalli,142-Sunkenahalli,34666,1.49864051953125,23131.63133400594,22.0,22.0,15.513134305254614,15.395295818204524,9.963529011839768,19.739817895443846,1.0,15.513134305254614,15.513134305254614,15.513134305254614,17.30963485642953,1.2410507444203693,1.0,Under 30 min,#2e8b7a,0,0,15.513134305254615,0.9999999999999999
141,Azad Nagar,141-Azad Nagar,38825,0.6743391541077921,57574.886114048604,10.0,10.0,15.743715090529049,15.82281821377806,12.608928617726164,20.258416144953607,1.0,15.743715090529049,15.743715090529049,15.743715090529049,15.743715090529049,1.2594972072423238,1.0,Under 30 min,#2e8b7a,0,0,15.743715090529047,1.0000000000000002
93,Vasanth Nagar,93-Vasanth Nagar,22815,3.1253211953125,7300.049682643494,51.0,51.0,15.814331258246776,13.900590895370664,1.569878432255605,23.085740215952946,1.0,15.814331258246776,15.814331258246776,15.814331258246776,15.814331258246776,1.265146500659742,1.0,Under 30 min,#2e8b7a,0,0,15.814331258246776,1.0
14,Bagalakunte,14-Bagalakunte,65113,4.1819722517931055,15569.926360004298,65.0,65.0,15.9008420696464,16.060823779844334,2.252863402578408,28.848280953742858,1.0,15.9008420696464,15.9008420696464,15.9008420696464,15.9008420696464,1.4507384908032412,1.0,Under 30 min,#2e8b7a,0,0,18.134231135040515,0.8768412595624984
38,HMT Ward,38-HMT Ward,36879,5.188015868144869,7108.497918528378,82.0,81.0,15.99434936666632,18.993108148102902,0.5188047664903063,38.087558571590584,0.8780487804878049,15.99434936666632,15.854311453913084,15.99434936666632,15.99434936666632,1.6418089412798174,0.9878048780487805,Under 30 min,#2e8b7a,0,0,20.522611765997716,0.779352528276449
35,Aramane Nagara,35-Aramane Nagara,36738,7.473511200135906,4915.7616836557245,121.0,121.0,16.022146742153616,15.019266984670894,1.4730231291859734,27.259719926820544,1.0,16.022146742153616,16.022146742153616,16.022146742153616,16.022146742153616,1.3253736520902388,1.0,Under 30 min,#2e8b7a,0,0,16.567170651127988,0.9671021733009515
45,Malleswaram,45-Malleswaram,34196,1.8096598525442567,18896.368813135126,29.0,29.0,16.048065194902776,15.946398210898197,11.200838084657061,20.602536314046542,1.0,16.048065194902776,16.048065194902776,16.048065194902776,16.048065194902776,1.5566014751865187,1.0,Under 30 min,#2e8b7a,0,0,19.45751843983148,0.8247745078350169
57,C V Raman Nagar,57-C V Raman Nagar,58815,3.58761335546875,16393.907083199425,59.0,59.0,16.093617305398155,16.804116459354947,1.0978611914339802,41.28481995621958,0.9491525423728814,16.093617305398155,16.093617305398155,16.093617305398155,16.093617305398155,1.2874893844318525,1.0,Under 30 min,#2e8b7a,0,0,16.093617305398155,1.0
179,Shakambari Nagar,179-Shakambari Nagar,25871,1.8519488984375,13969.607920514174,35.0,35.0,16.153557238382223,16.267156414907113,10.710796225190332,23.47269062121971,1.0,16.153557238382223,16.153557238382223,16.153557238382223,17.434368726540892,1.4158677895298153,1.0,Under 30 min,#2e8b7a,0,0,17.698347369122693,0.9127155717693971
29,Kacharkanahalli,29-Kacharkanahalli,33588,1.6988655,19770.841187839767,26.0,26.0,16.294820200577618,16.3478715919223,11.671966839082595,20.844100440964887,1.0,16.294820200577618,16.294820200577618,16.294820200577618,16.294820200577618,1.3738605176821794,1.0,Under 30 min,#2e8b7a,0,0,17.173256471027244,0.9488485907182704
163,Katriguppe,163-Katriguppe,45572,1.11076006640625,41027.762320843525,16.0,16.0,16.341310025777588,16.14991062044562,12.233979977050693,19.964261625095382,1.0,16.341310025777588,16.341310025777588,16.341310025777588,16.341310025777588,1.3077636681017815,1.0,Under 30 min,#2e8b7a,0,0,16.347045851272267,0.999649121587664
17,J P Park,17-J P Park,49610,2.05341862993828,24159.710677939616,36.0,36.0,16.39795595092273,15.96049588554188,8.627156553501617,22.22681310394096,1.0,16.39795595092273,16.39795595092273,16.39795595092273,16.39795595092273,1.3118364760738186,1.0,Under 30 min,#2e8b7a,0,0,16.397955950922732,0.9999999999999998
7,Byatarayanapura,7-Byatarayanapura,72154,10.032414957419624,7192.086880999417,156.0,151.0,16.529447416325745,23.007128145690128,1.2788233503677797,41.968567950548184,0.8333333333333334,16.529447416325745,16.529447416325745,16.529447416325745,16.529447416325745,1.5263667683634392,0.967948717948718,Under 30 min,#2e8b7a,0,0,19.07958460454299,0.8663421012001468
81,Vijnana Nagar,81-Vijnana Nagar,57062,5.72754503125,9962.732669697856,91.0,86.0,16.53180038766886,26.542841821480984,2.980764239026684,38.88953066033481,0.8241758241758241,16.53180038766886,16.53180038766886,16.53180038766886,16.53180038766886,1.3225440310135086,0.945054945054945,Under 30 min,#2e8b7a,0,0,16.53180038766886,1.0
60,Sagayarapuram,60-Sagayarapuram,35334,0.7691634453125,45938.22056330863,11.0,11.0,16.867303211121396,17.970264635067135,12.732284550702117,24.139189439982747,1.0,16.867303211121396,16.529841834435302,16.867303211121396,16.867303211121396,1.6757382403289967,1.0,Under 30 min,#2e8b7a,0,0,20.946728004112458,0.8052476361849855
101,Kamakshipalya,101-Kamakshipalya,30051,0.9134506484375,32898.32904646095,14.0,14.0,16.973478212486015,16.695393425728906,9.55951772024644,23.07071022834263,1.0,16.973478212486015,15.890917445155193,16.973478212486015,16.973478212486015,1.478792166662015,1.0,Under 30 min,#2e8b7a,0,0,18.484902083275188,0.9182346834200067
64,Rajamahal Guttahalli,64-Rajamahal Guttahalli,31118,0.7207275902079018,43175.81347347015,12.0,12.0,17.25600733042281,17.034885179893916,10.886408858387401,22.838825547592286,1.0,17.25600733042281,17.25600733042281,17.25600733042281,17.25600733042281,1.380480586433825,1.0,Under 30 min,#2e8b7a,0,0,17.25600733042281,1.0
66,Subramanya Nagar,66-Subramanya Nagar,35709,0.94126066015625,37937.41894415547,14.0,14.0,17.760016659984526,17.30809246212317,13.66910005897208,22.447468528873486,1.0,17.760016659984526,17.495307674522046,17.760016659984526,17.760016659984526,1.458329419469369,1.0,Under 30 min,#2e8b7a,0,0,18.229117743367112,0.9742663857907619
147,Adugodi,147-Adugodi,34299,1.5981844205311444,21461.227852916367,24.0,24.0,18.315875394966827,19.25409518950101,12.90490325220648,32.1796293508705,0.9583333333333334,18.315875394966827,18.315875394966827,18.315875394966827,21.331059596006646,1.4652700315973461,1.0,Under 30 min,#2e8b7a,0,0,18.315875394966827,1.0
4,Yelahanka Satellite Town,4-Yelahanka Satellite Town,41986,4.601178743292581,9125.053022816284,73.0,67.0,18.405259069063252,33.93688996561652,6.819517112502848,46.18559978975636,0.7808219178082192,18.405259069063252,18.405259069063252,18.405259069063252,18.405259069063252,1.7821791039120267,0.9178082191780822,Under 30 min,#2e8b7a,0,0,22.277238798900335,0.8261912185441844
78,Pulikeshinagar,78-Pulikeshinagar,28835,1.7251913984375,16714.087507111246,29.0,29.0,18.4542338080743,16.697552806483266,7.151475721294325,23.973986233617094,1.0,18.4542338080743,18.4542338080743,18.4542338080743,18.4542338080743,1.5081906945883012,1.0,Under 30 min,#2e8b7a,0,0,18.852383682353768,0.9788806614066451
43,Nandini Layout,43-Nandini Layout,51200,1.41384369140625,36213.33837057687,22.0,22.0,18.549975448381936,20.120673032286017,13.490733881683152,39.79899337288825,0.9090909090909091,18.549975448381936,18.549975448381936,18.549975448381936,18.549975448381936,1.8410320792341466,1.0,Under 30 min,#2e8b7a,0,0,23.012900990426832,0.8060685376475815
173,Jakkasandra,173-Jakkasandra,33521,1.52040259765625,22047.449834454183,24.0,24.0,18.731835748479092,18.891332337285053,10.265112928969623,28.51084091980357,1.0,18.731835748479092,18.731835748479092,18.731835748479092,18.731835748479092,1.544732243732431,1.0,Under 30 min,#2e8b7a,0,0,19.309153046655386,0.9701013660836723
126,Maruthi Mandir ward,126-Maruthi Mandir ward,29319,0.78688482421875,37259.58246698816,12.0,12.0,18.781544464201946,19.003846315644335,14.359914311853926,24.451914039798698,1.0,18.781544464201946,18.781544464201946,18.781544464201946,18.781544464201946,1.9914036301532603,1.0,Under 30 min,#2e8b7a,0,0,24.892545376915756,0.754504779636522
19,Sanjaya Nagar,19-Sanjaya Nagar,32491,1.5433906879137644,21051.701461228076,25.0,25.0,18.784496148508232,18.356607894471335,11.523327231296074,23.74206772657596,1.0,18.784496148508232,18.784496148508232,18.784496148508232,18.784496148508232,1.5027596918806585,1.0,Under 30 min,#2e8b7a,0,0,18.784496148508232,1.0
134,Bapuji Nagar,134-Bapuji Nagar,49484,0.6714640546875,73695.6798425046,10.0,10.0,19.026094055706707,19.13388613695613,15.187643098214547,23.668710287929652,1.0,19.026094055706707,19.026094055706707,19.026094055706707,19.026094055706707,1.5220875244565364,1.0,Under 30 min,#2e8b7a,0,0,19.026094055706704,1.0000000000000002
61,S K Garden,61-S K Garden,38050,1.306276375,29128.598456050313,21.0,17.0,19.09566670472325,49.01201805544788,12.996403617067156,23.512671669747142,0.8095238095238095,19.09566670472325,19.09566670472325,19.09566670472325,19.09566670472325,1.8503366912556296,0.8095238095238095,Under 30 min,#2e8b7a,0,0,23.12920864069537,0.8256083033954225
8,Kodigehalli,8-Kodigehalli,47546,3.8236169232562487,12434.823088791312,60.0,60.0,19.148021493339584,22.174210780933723,6.822792008216598,56.143130713285636,0.85,19.148021493339584,19.148021493339584,19.148021493339584,19.148021493339584,1.531841719467167,1.0,Under 30 min,#2e8b7a,0,0,19.148021493339588,0.9999999999999998
112,Domlur,112-Domlur,30638,1.7494729140625,17512.703256922476,28.0,27.0,19.229904457690044,25.12807568017602,9.334373150591556,32.593552722772436,0.9285714285714286,19.229904457690044,19.229904457690044,19.229904457690044,19.229904457690044,1.5550956855576228,0.9642857142857143,Under 30 min,#2e8b7a,0,0,19.438696069470286,0.9892589703016056
127,Mudalapalya,127-Mudalapalya,43729,0.9832514879813087,44473.87116573707,16.0,16.0,19.349392716142344,22.99793189862118,14.572962111495949,51.87463559151707,0.875,19.349392716142344,19.349392716142344,19.349392716142344,19.349392716142344,2.5253164090692906,1.0,Under 30 min,#2e8b7a,0,0,31.566455113366136,0.6129732542552508
20,Ganga Nagar,20-Ganga Nagar,27361,2.26494566015625,12080.201517113866,36.0,36.0,19.388430064819737,19.936793737102594,13.801089964608522,33.842742215624185,0.9166666666666666,19.388430064819737,19.16770023990488,19.388430064819737,19.388430064819737,1.7026899987039177,1.0,Under 30 min,#2e8b7a,0,0,21.28362498379897,0.9109552568971757
49,Lingarajapura,49-Lingarajapura,37955,0.87811863671875,43223.08901428828,12.0,12.0,19.52953383845628,20.11669378783692,13.182973449237299,34.47995735948115,0.9166666666666666,19.52953383845628,19.52953383845628,19.52953383845628,19.52953383845628,1.5623627070765025,1.0,Under 30 min,#2e8b7a,0,0,19.52953383845628,1.0
178,Sarakki,178-Sarakki,31034,1.33046598046875,23325.66217819872,21.0,21.0,19.614287527531882,19.603076959561985,11.904976609748967,34.964699588653644,0.9523809523809523,19.614287527531882,19.614287527531882,19.614287527531882,23.624061146759907,1.5691430022025505,1.0,Under 30 min,#2e8b7a,0,0,19.614287527531882,1.0
117,Shanthi Nagar,117-Shanthi Nagar,42095,2.692142667993626,15636.244133886172,44.0,43.0,19.770378780626842,23.568360483524586,9.586123510996076,39.19184560060104,0.9090909090909091,19.770378780626842,18.717910083899294,19.770378780626842,20.011564531584018,1.6095566694524905,0.9772727272727273,Under 30 min,#2e8b7a,0,0,20.11945836815613,0.98264965283152
79,Sarvagna Nagar,79-Sarvagna Nagar,37291,3.65509267578125,10202.477285211193,56.0,56.0,19.823328212583718,21.212787345966053,10.68871124021899,41.2942191551216,0.875,19.823328212583718,19.823328212583718,19.823328212583718,19.823328212583718,1.5858662570066977,1.0,Under 30 min,#2e8b7a,0,0,19.82332821258372,0.9999999999999998
133,Hampi Nagar,133-Hampi Nagar,35113,1.11416010546875,31515.219246902798,17.0,17.0,20.14338672103321,19.87481443100151,15.383093715449409,23.10469013829576,1.0,20.14338672103321,20.14338672103321,20.14338672103321,20.14338672103321,1.8874192276243456,1.0,Under 30 min,#2e8b7a,0,0,23.592740345304318,0.8537959739400245
186,Jaraganahalli,186-Jaraganahalli,38294,1.2834910734134228,29835.813269941766,20.0,20.0,20.231384600304697,22.015787270587303,12.535674379283547,39.374269864319714,0.85,20.231384600304697,20.231384600304697,20.231384600304697,20.231384600304697,1.6185107680243758,1.0,Under 30 min,#2e8b7a,0,0,20.231384600304697,1.0
21,Hebbala,21-Hebbala,32516,1.2274545859375,26490.593112383925,19.0,14.0,20.262976264436546,64.04201019394816,14.277518233454446,40.300536003666224,0.5789473684210527,20.262976264436546,20.262976264436546,20.262976264436546,20.262976264436546,2.1524562458594207,0.7368421052631579,Under 30 min,#2e8b7a,0,0,26.905703073242762,0.753110825956736
82,Garudachar Playa,82-Garudachar Playa,49631,6.7928061243230085,7306.406084855892,113.0,104.0,20.266895104114646,34.43879257209137,2.0017070026766355,61.99236031738697,0.6902654867256637,20.266895104114646,20.266895104114646,20.266895104114646,20.266895104114646,1.641911757703657,0.9203539823008849,Under 30 min,#2e8b7a,0,0,20.523896971295713,0.9874779206141746
62,Ramaswamy Palya,62-Ramaswamy Palya,34394,0.829835625,41446.76242358238,15.0,15.0,20.56042777082119,20.740593460873505,15.531401239592801,26.66032337493689,1.0,20.56042777082119,20.56042777082119,20.56042777082119,20.56042777082119,1.6448342216656953,1.0,Under 30 min,#2e8b7a,0,0,20.56042777082119,1.0
88,Jeevanbhima Nagar,88-Jeevanbhima Nagar,38251,1.88629244140625,20278.40389981285,31.0,31.0,20.81876690920171,21.77516037639216,11.210732909701322,38.56465514927147,0.8387096774193549,20.81876690920171,20.81876690920171,20.81876690920171,20.81876690920171,1.6655013527361369,1.0,Under 30 min,#2e8b7a,0,0,20.81876690920171,1.0
103,Kaveripura,103-Kaveripura,53532,1.6510629911925023,32422.748426658025,28.0,27.0,21.061363286419613,32.23157251746558,13.359315242633276,48.86670984605101,0.5714285714285714,21.061363286419613,17.82432597953089,21.061363286419613,21.061363286419613,2.036189158389031,0.9642857142857143,Under 30 min,#2e8b7a,0,0,25.452364479862887,0.8274816001115615
15,T Dasarahalli,15-T Dasarahalli,33042,0.8801490548375004,37541.36849706719,16.0,16.0,21.45694894843501,26.505397072546682,15.622946689951885,56.47357146120602,0.75,21.45694894843501,21.45694894843501,21.45694894843501,21.45694894843501,2.978018636438619,1.0,Under 30 min,#2e8b7a,0,0,37.22523295548274,0.5764087218499115
148,Ejipura,148-Ejipura,47004,1.8692488139287395,25145.93009221078,31.0,31.0,21.520432979871895,22.158790183306913,13.777312875058197,36.68886135205583,0.8387096774193549,21.520432979871895,20.76501826613773,21.520432979871895,21.520432979871895,1.7216346383897516,1.0,Under 30 min,#2e8b7a,0,0,21.520432979871895,1.0
22,Vishwanath Nagenahalli,22-Vishwanath Nagenahalli,51592,1.49225975,34573.069467296154,24.0,22.0,22.109905920978154,36.29877499014924,15.27080433363427,55.962974650926014,0.8333333333333334,22.109905920978154,22.109905920978154,22.109905920978154,22.109905920978154,1.768792473678252,0.9166666666666666,Under 30 min,#2e8b7a,0,0,22.10990592097815,1.0000000000000002
161,Hosakerehalli,161-Hosakerehalli,46805,1.34872520703125,34703.140236419946,21.0,21.0,22.272820205590936,28.188151475874406,17.552342544149038,60.75270592137105,0.7619047619047619,22.272820205590936,22.272820205590936,22.272820205590936,22.272820205590936,2.1826670850333953,1.0,Under 30 min,#2e8b7a,0,0,27.283338562917443,0.8163524472721008
56,A Narayanapura,56-A Narayanapura,43443,2.1485509693875007,20219.673919294797,33.0,28.0,22.305861459863056,45.79365722591414,15.10877546110399,28.628985774126722,0.8484848484848485,22.305861459863056,21.463735927139297,22.305861459863056,22.305861459863056,2.2242238007387876,0.8484848484848485,Under 30 min,#2e8b7a,0,0,27.802797509234846,0.8022883831187867
155,Hanumanth Nagar,155-Hanumanth Nagar,36982,0.99324958984375,37233.340318638046,16.0,16.0,22.371454800545898,23.54080348091635,18.87528587329475,37.426555563894624,0.9375,22.371454800545898,22.371454800545898,22.371454800545898,22.371454800545898,1.8117942811182908,1.0,Under 30 min,#2e8b7a,0,0,22.647428513978635,0.9878143466370851
1,Kempegowda Ward,1-Kempegowda Ward,34783,10.903719351108174,3190.012405855339,172.0,134.0,22.40162995755775,56.652221078373536,1.2655721844625152,48.37675372323083,0.5930232558139535,22.40162995755775,22.40162995755775,22.40162995755775,22.40162995755775,2.100469676955252,0.7790697674418605,Under 30 min,#2e8b7a,0,0,26.25587096194065,0.8532046028878707
28,Kammanahalli,28-Kammanahalli,47074,1.02774205078125,45803.32191741707,17.0,17.0,22.4757205240951,25.723947844444677,16.40769699894232,47.431591142703645,0.7058823529411765,22.4757205240951,22.4757205240951,22.4757205240951,22.4757205240951,1.7980576419276078,1.0,Under 30 min,#2e8b7a,0,0,22.4757205240951,1.0
47,Devara Jeevanahalli,47-Devara Jeevanahalli,42135,1.369791828125,30760.148465533828,20.0,20.0,22.56111446659071,26.628690404310937,16.084245741795336,44.8648278516063,0.65,22.56111446659071,22.56111446659071,22.56111446659071,22.56111446659071,1.804889157327257,1.0,Under 30 min,#2e8b7a,0,0,22.561114466590713,0.9999999999999999
69,Laggere,69-Laggere,57077,1.5717116953125,36315.184375243516,25.0,24.0,22.926355317990307,37.38392393052506,17.821466302734187,61.43749660819691,0.64,22.926355317990307,22.463217444016166,22.926355317990307,22.926355317990307,2.948626063262885,0.96,Under 30 min,#2e8b7a,0,0,36.857825790786066,0.6220213706615753
132,Attiguppe,132-Attiguppe,41487,1.38913891015625,29865.263795205014,23.0,23.0,22.966856854042163,24.76957166560496,16.462644776317948,41.24262223379629,0.8260869565217391,22.966856854042163,22.341781155543167,22.966856854042163,22.966856854042163,2.561477433281187,1.0,Under 30 min,#2e8b7a,0,0,32.01846791601484,0.7173003066319332
51,Vijnanapura,51-Vijnanapura,46159,2.0436386875,22586.673604455336,33.0,27.0,23.132752499066598,51.56394623751114,16.175559030020185,49.941157634911676,0.7878787878787878,23.132752499066598,22.26284275572119,23.48055874038682,23.132752499066598,2.3496014727421266,0.8181818181818182,Under 30 min,#2e8b7a,0,0,29.370018409276582,0.7876315287483807
157,Gali Anjenaya Temple ward,157-Gali Anjenaya Temple ward,34653,1.1443942418897957,30280.64868866848,18.0,18.0,23.34820469788406,30.91690143976066,17.39932725028052,71.00064433567292,0.6666666666666666,23.34820469788406,23.34820469788406,23.34820469788406,23.34820469788406,2.0827997838642176,1.0,Under 30 min,#2e8b7a,0,0,26.03499729830272,0.8968007344255104
68,Mahalakshimpuram,68-Mahalakshimpuram,44615,0.943863734375,47268.47570803512,18.0,18.0,23.6970443137034,25.048425204992828,16.38942485104053,43.3012437352826,0.7777777777777778,23.6970443137034,22.772664205863556,23.6970443137034,23.6970443137034,2.0544670857339753,1.0,Under 30 min,#2e8b7a,0,0,25.68083857167469,0.9227519672913109
50,Benniganahalli,50-Benniganahalli,49094,4.9227606015625,9972.859534225046,82.0,73.0,23.89618855750355,44.694394014328985,14.944551194211664,64.05280893176308,0.6707317073170732,23.89618855750355,23.89618855750355,23.89618855750355,23.89618855750355,2.1094583120855743,0.8902439024390244,Under 30 min,#2e8b7a,0,0,26.368228901069678,0.9062492838316553
5,Jakkuru,5-Jakkuru,52025,23.511326448228207,2212.7632872844806,375.0,320.0,24.00629288522471,48.27097426160679,1.6099239349431698,67.04348619119992,0.5786666666666667,24.00629288522471,23.339089994567676,24.00629288522471,24.00629288522471,2.1605866042793793,0.8533333333333334,Under 30 min,#2e8b7a,0,0,27.00733255349224,0.8888805600359272
198,Hemmigepura,198-Hemmigepura,50440,29.63551673111435,1702.0118278228977,480.0,431.0,24.60310486525074,46.69434279753554,0.7617117760767813,89.82182446768327,0.5145833333333333,24.60310486525074,24.371967539012466,24.60310486525074,24.60310486525074,2.0566064678968776,0.8979166666666667,Under 30 min,#2e8b7a,0,0,25.707580848710972,0.9570369538090702
34,Gangenahalli,34-Gangenahalli,24308,1.096013453125,22178.55988053066,19.0,19.0,24.67883158777998,25.84535336726683,20.306538105511805,33.48233736986131,0.7894736842105263,24.67883158777998,24.498143441126135,24.67883158777998,24.67883158777998,2.312727197674702,1.0,Under 30 min,#2e8b7a,0,0,28.909089970933774,0.8536703027522816
75,Shankar Matt,75-Shankar Matt,48734,1.08749117578125,44813.23718786928,17.0,17.0,24.817752310664325,25.70617056469351,17.370216786919038,44.628147970714835,0.8235294117647058,24.817752310664325,24.817752310664325,24.817752310664325,24.817752310664325,1.9854201848531459,1.0,Under 30 min,#2e8b7a,0,0,24.817752310664325,1.0
53,Basavanapura,53-Basavanapura,48585,6.266838009206248,7752.713558037817,97.0,79.0,24.944331269693418,55.33377125524447,9.541686019163185,52.22584836271872,0.5257731958762887,24.944331269693418,22.839313013031635,24.944331269693418,24.944331269693418,2.2830939620860238,0.8144329896907216,Under 30 min,#2e8b7a,0,0,28.538674526075294,0.8740536021356637
102,Vrisabhavathi Nagar,102-Vrisabhavathi Nagar,50893,0.9918729140625,51310.000785839715,16.0,15.0,24.949175558148987,33.408580034193776,11.884059707864502,37.258870483839246,0.75,24.949175558148987,19.28953160194684,24.949175558148987,24.949175558148987,2.3127025462922566,0.9375,Under 30 min,#2e8b7a,0,0,28.908781828653208,0.8630310230997136
158,Deepanjali Nagar,158-Deepanjali Nagar,45928,2.089538394828954,21979.974196051844,36.0,36.0,25.863834484077973,29.921231243779875,21.440769865016986,45.71350535232946,0.6944444444444444,25.863834484077973,25.863834484077973,25.863834484077973,25.863834484077973,3.0616918928039203,1.0,Under 30 min,#2e8b7a,0,0,38.27114866004901,0.675805022572449
156,Srinagar,156-Srinagar,41379,0.79700312109375,51918.24085107022,12.0,12.0,26.718651380451675,29.804287049144904,20.837783628326754,48.45749836725716,0.5833333333333334,26.718651380451675,26.718651380451675,26.718651380451675,26.718651380451675,1.996535714868975,1.0,Under 30 min,#2e8b7a,0,0,24.956696435862188,1.0706004878938062
6,Thanisandra,6-Thanisandra,71855,10.006880109185543,7180.559696527458,167.0,142.0,27.485021752604016,52.79719229582768,10.5215736149434,69.61679827760747,0.5209580838323353,27.485021752604016,25.228434564834068,27.485021752604016,27.485021752604016,2.3413711523132585,0.8502994011976048,Under 30 min,#2e8b7a,0,0,29.267139403915728,0.9391085808996666
74,Shakthi Ganapathi Nagar,74-Shakthi Ganapathi Nagar,43844,0.7009536015625,62549.075862178426,12.0,12.0,28.029240647492415,27.16212741086316,18.04495151028583,32.899712012002915,0.5833333333333334,28.029240647492415,26.871798197261402,28.029240647492415,28.029240647492415,2.322668779024875,1.0,Under 30 min,#2e8b7a,0,0,29.03335973781094,0.96541498815892
12,Shettihalli,12-Shettihalli,61071,8.118658457152208,7522.301907675268,131.0,122.0,28.130858379229448,37.59685914359779,1.3147618314095046,62.16821452980684,0.5114503816793893,28.130858379229448,28.130858379229448,28.130858379229448,28.130858379229448,2.2494199068207883,0.9312977099236641,Under 30 min,#2e8b7a,0,0,28.117748835259853,1.0004662373238484
162,Girinagar,162-Girinagar,43195,1.77087513671875,24391.894778101578,28.0,28.0,28.469348611517795,29.57581165950166,17.6438927212612,43.57407606308333,0.5,28.469348611517795,25.160173470690193,29.450331258176202,28.469348611517795,2.1850715993017236,1.0,Under 30 min,#2e8b7a,0,0,27.313394991271544,1.0423218578509064
46,Jayachamarajendra  Nagar,46-Jayachamarajendra  Nagar,31449,0.8893863203125,35360.336989386,14.0,14.0,29.812045543765812,29.5636617713314,18.648043244549147,38.90254728823154,0.5,29.812045543765812,29.05536989296339,29.812045543765812,29.812045543765812,2.2432163535014427,1.0,Under 30 min,#2e8b7a,0,0,28.040204418768035,1.0631893084135948
10,Dodda Bommasandra,10-Dodda Bommasandra,36396,4.19134313671875,8683.612582598786,66.0,59.0,30.39655635460838,47.3536313005395,17.45450660186295,55.360131067481085,0.48484848484848486,30.39655635460838,28.724836740990064,30.39655635460838,30.39655635460838,2.9994295932085846,0.8939393939393939,30 to 45 min,#e8c468,0,0,37.492869915107306,0.8107289845624873
59,Maruthi Seva Nagar,59-Maruthi Seva Nagar,40362,2.38895739453125,16895.23642924559,39.0,39.0,31.393817051762277,32.26709726383959,21.06121008529607,111.62044654709973,0.46153846153846156,31.393817051762277,28.994827269574824,31.393817051762277,31.393817051762277,2.3524243009736265,1.0,30 to 45 min,#e8c468,0,0,29.40530376217033,1.0676243070187275
85,Dodda Nekkundi,85-Dodda Nekkundi,63083,12.016501591111165,5249.697636345648,193.0,164.0,31.46790629562625,52.8418198969189,5.1368372224627965,70.3047255173735,0.47668393782383417,31.46790629562625,28.2562895883438,31.46790629562625,31.46790629562625,2.3443309733170916,0.8497409326424871,30 to 45 min,#e8c468,0,0,29.304137166463647,1.0738383497480646
128,Nagarabhavi,128-Nagarabhavi,35780,1.598825594926256,22378.926202798444,24.0,23.0,32.19905082195031,38.935126503754454,20.434316385937603,52.62244273236612,0.4166666666666667,32.19905082195031,26.968579825312762,32.19905082195031,32.19905082195031,3.5416145038015543,0.9583333333333334,30 to 45 min,#e8c468,0,0,44.27018129751943,0.72733044858243
2,Chowdeswari Ward,2-Chowdeswari Ward,36602,6.513262203561477,5619.611011512155,106.0,84.0,33.07696179402737,61.514259704420645,5.534124356692455,53.87644845566885,0.37735849056603776,33.07696179402737,32.606179601106845,33.07696179402737,33.07696179402737,2.9098356691001914,0.7924528301886793,30 to 45 min,#e8c468,0,0,36.37294586375239,0.9093836368912409
33,Manorayanapalya,33-Manorayanapalya,47926,0.80873095703125,59260.74621395766,14.0,14.0,33.41870802359409,35.97581900309221,19.20362179457796,55.6025561632126,0.21428571428571427,33.41870802359409,33.41870802359409,33.41870802359409,33.41870802359409,2.438162220523605,1.0,30 to 45 min,#e8c468,0,0,30.477027756545063,1.096521232009486
73,Kottegepalya,73-Kottegepalya,68922,5.83345954070108,11814.944377194872,92.0,89.0,33.5514193179352,37.85219371027082,15.80920924282127,64.74228529892679,0.4891304347826087,33.718315230641934,26.948210469941632,33.5514193179352,33.5514193179352,3.4010148297705243,0.967391304347826,30 to 45 min,#e8c468,0,0,42.51268537213155,0.7892095976588025
130,Ullalu,130-Ullalu,58199,8.788608322386859,6622.095087768571,144.0,139.0,34.09588237995317,38.764513883030006,15.26753452400767,69.54972624598894,0.4097222222222222,34.295752954693384,29.45913963566564,34.09588237995317,34.09588237995317,3.834175374254855,0.9652777777777778,30 to 45 min,#e8c468,0,0,47.92719217818569,0.7114099706319137
114,Agaram,114-Agaram,36916,10.99962906934231,3356.113171387813,176.0,107.0,34.34942447645831,86.1453094856639,1.94479442217911,121.22212427754661,0.45454545454545453,34.34942447645831,28.833088129063967,35.67770127038432,34.34942447645831,2.48844273968108,0.6079545454545454,30 to 45 min,#e8c468,0,0,31.1055342460135,1.1042865943014801
115,Vannarpet,115-Vannarpet,37060,0.7540598294864848,49147.293823141175,11.0,11.0,34.94569987841372,34.20769372460155,24.99690306698358,37.866058684504544,0.09090909090909091,34.94569987841372,34.94569987841372,36.051422855385404,34.94569987841372,2.320488653941337,1.0,30 to 45 min,#e8c468,0,0,29.006108174266718,1.204770376931036
116,Nilasandra,116-Nilasandra,48534,0.5297628264032646,91614.5821886247,10.0,10.0,34.95011411008633,34.55579480383717,20.184691383024163,62.27398651073616,0.3,34.95011411008633,34.26477674252749,34.95011411008633,36.12936258165203,2.2544875659194386,1.0,30 to 45 min,#e8c468,0,0,28.181094573992983,1.240197183197425
131,Nayandahalli,131-Nayandahalli,42785,2.071586153083628,20653.25641239349,34.0,23.0,35.30052838940301,79.08891311815285,23.17871524380544,46.518869748000284,0.4117647058823529,35.30052838940301,29.8414899703518,35.30052838940301,35.30052838940301,4.273253485850141,0.6764705882352942,30 to 45 min,#e8c468,0,0,53.415668573126766,0.6608646738377171
189,Hongasandra,189-Hongasandra,68554,2.1385952352348934,32055.621779438945,35.0,34.0,35.95109714239815,37.24044432004291,22.279546315105502,40.81362162098558,0.37142857142857144,35.95109714239815,30.25280522734797,42.15109714239814,36.93943028158896,3.6705739438863643,0.9714285714285714,30 to 45 min,#e8c468,0,0,45.88217429857956,0.7835526038597334
25,Horamavu,25-Horamavu,95368,17.591625533710836,5421.215897146417,282.0,246.0,36.672851525746324,51.11613780948032,4.529533857213972,76.68257590803546,0.4219858156028369,36.672851525746324,35.284866457366945,44.55115468643043,36.672851525746324,2.277210289835984,0.8723404255319149,30 to 45 min,#e8c468,0,0,28.4651286229498,1.2883430815126937
39,Chokkasandra,39-Chokkasandra,59289,3.793367544567454,15629.648143351882,64.0,63.0,37.146604157813215,38.97071950182211,17.630321803803135,81.20338149397635,0.453125,37.146604157813215,29.024541835744163,67.79223650911877,37.146604157813215,3.3048281265448978,0.984375,30 to 45 min,#e8c468,0,0,41.31035158181122,0.8992081339285602
16,Jalahalli,16-Jalahalli,37959,5.169349247388422,7343.0906258030545,83.0,83.0,38.57580093925877,34.086020701787824,9.363386672101722,51.403577300260814,0.37349397590361444,39.38774995324319,37.112291322334606,39.770239362206304,38.57580093925877,2.330209553690703,1.0,30 to 45 min,#e8c468,0,0,29.12761942113379,1.3243719090640744
9,Vidyaranyapura,9-Vidyaranyapura,57195,9.892235107991118,5781.807587023169,158.0,111.0,39.08719760069981,79.03205012227106,21.693083544146603,48.57526070997568,0.0949367088607595,39.08719760069981,37.81439563150987,180.0,39.08719760069981,3.072422168593172,0.7025316455696202,30 to 45 min,#e8c468,0,0,38.40527710741465,1.0177559060797274
26,Ramamurthy Nagar,26-Ramamurthy Nagar,47358,7.292846262276706,6493.760912658485,119.0,96.0,39.2401079099345,64.58877214433457,14.026232916803185,62.49830481323971,0.19327731092436976,39.2401079099345,38.78316483348862,180.0,39.2401079099345,2.9866830146833117,0.8067226890756303,30 to 45 min,#e8c468,0,0,37.333537683541394,1.0510685658175283
71,Hegganahalli,71-Hegganahalli,66314,1.7499105851377021,37895.6505339281,26.0,23.0,40.055736756631475,55.01812742893662,22.961419410285266,55.95364477715495,0.11538461538461539,40.055736756631475,40.055736756631475,40.055736756631475,40.055736756631475,4.968763138860407,0.8846153846153846,30 to 45 min,#e8c468,0,0,62.109539235755086,0.6449208487055121
87,HAL Airport,87-HAL Airport,39926,6.805666564043756,5866.581858555964,105.0,82.0,40.30054329086066,66.37970587045945,10.432006903688784,78.52115883973293,0.41904761904761906,40.30054329086066,39.42636137635263,42.536268014711325,40.30054329086066,2.175676519172934,0.780952380952381,30 to 45 min,#e8c468,0,0,27.195956489661675,1.4818579117149488
113,Konena Agrahara,113-Konena Agrahara,38108,2.122200265625,17956.834996803176,36.0,31.0,40.38433467991485,64.45858318343461,25.053580600851554,72.80939472169011,0.08333333333333333,40.38433467991485,38.732235115441696,44.22369268576153,40.38433467991485,2.581656034517608,0.8611111111111112,30 to 45 min,#e8c468,0,0,32.270700431470104,1.2514241754893056
174,HSR Layout,174-HSR Layout,63033,7.145256048047433,8821.657275280551,113.0,105.0,40.48774042942152,48.18365685198707,18.702261509221408,64.65194270962878,0.25663716814159293,40.48774042942152,36.07521024558689,52.81417568661166,42.364245896176115,3.419955281179197,0.9292035398230089,30 to 45 min,#e8c468,0,0,42.749441014739965,0.947094031369004
188,Bilekhalli,188-Bilekhalli,49884,4.234631549584528,11780.009527604418,66.0,55.0,41.43779829881862,59.63677495354863,13.983504456481702,59.800257627121866,0.2878787878787879,41.43779829881862,34.63082732535105,180.0,47.73887726100308,2.4932123890892703,0.8333333333333334,30 to 45 min,#e8c468,0,0,31.16515486361588,1.3296195215508348
41,Peenya Industrial Area,41-Peenya Industrial Area,57814,5.5524239580401265,10412.389334262394,88.0,76.0,41.46414576854247,59.39477391881312,27.567374446767538,57.369078029942315,0.045454545454545456,41.46414576854247,37.58847009566806,41.867794663627464,41.46414576854247,3.9152161479690424,0.8636363636363636,30 to 45 min,#e8c468,0,0,48.94020184961303,0.8472410043578585
197,Vasanthpura,197-Vasanthpura,62057,5.7059670942625,10875.807549328481,95.0,95.0,41.579698890918564,36.985650254343014,6.233055816300497,76.06888878033939,0.3894736842105263,41.579698890918564,38.451392767440225,43.566472471650144,42.623448963702735,2.23377713704989,1.0,30 to 45 min,#e8c468,0,0,27.922214213123624,1.4891261335347765
187,Puttenahalli,187-Puttenahalli,49207,2.867783029118671,17158.55052504524,45.0,45.0,41.834924417136065,39.953599865214535,16.13355149903586,62.18706969971505,0.35555555555555557,41.834924417136065,37.98464546718776,41.834924417136065,50.1944143130043,2.348328553404028,1.0,30 to 45 min,#e8c468,0,0,29.354106917550347,1.425181305452139
160,Rajarajeshwari Nagar,160-Rajarajeshwari Nagar,56897,11.066855784707892,5141.207322735686,177.0,174.0,42.340480197715976,45.96016778641182,20.074084946860747,74.88798511262752,0.2033898305084746,42.57748601789301,40.83309917590745,49.73662864667119,42.340480197715976,3.1119272767414916,0.9830508474576272,30 to 45 min,#e8c468,0,0,38.89909095926865,1.0884696570943218
129,Jnana Bharathi ward,129-Jnana Bharathi ward,68132,11.840087836529214,5754.349202528561,189.0,168.0,42.95462966645859,55.52863110129245,18.025516456299513,68.21407575546262,0.24338624338624337,43.12064595634511,33.344101942376184,45.691361014375865,42.95462966645859,4.586841717736491,0.8888888888888888,30 to 45 min,#e8c468,0,0,57.33552147170614,0.7491800643629932
3,Atturu,3-Atturu,58129,8.816469948210466,6593.228394296155,142.0,124.0,43.419932185248335,59.26107310047876,17.439122133245984,72.08929996983592,0.22535211267605634,43.419932185248335,35.730086013650286,180.0,43.419932185248335,3.861558872604594,0.8732394366197183,30 to 45 min,#e8c468,0,0,48.269485907557424,0.8995316889929874
13,Mallasandra,13-Mallasandra,41482,1.31414125,31565.860975751275,19.0,17.0,43.55303356661673,52.32653156184096,15.494880325007124,60.445263499173066,0.3157894736842105,43.55303356661673,26.24086196632146,180.0,43.55303356661673,2.190619094584282,0.8947368421052632,30 to 45 min,#e8c468,0,0,27.38273868230353,1.59052876602016
54,Hudi,54-Hudi,50191,14.905196947231822,3367.3489976475234,235.0,160.0,44.424615033856576,84.16736177179763,14.646562190026126,76.88389369689355,0.1148936170212766,44.54060356886309,41.14222536101632,180.0,44.424615033856576,3.0673011213226826,0.6808510638297872,30 to 45 min,#e8c468,0,0,38.341264016533536,1.1586632880621717
175,Bommanahalli,175-Bommanahalli,43585,1.8551911523000164,23493.53593346135,29.0,28.0,45.2243574528924,42.003802830833145,16.31967201809527,56.13805025129861,0.3793103448275862,45.2243574528924,38.789523534073844,180.0,50.77102432247813,2.8809150938058252,0.9655172413793104,45 to 60 min,#e08a4a,43585,0,36.011438672572815,1.255833121916797
11,Kuvempu Nagar,11-Kuvempu Nagar,37128,7.207825110751546,5151.0683777021795,115.0,98.0,45.850388768632655,65.40313248778645,30.582007626994518,62.889392768080945,0.0,46.61280471507167,42.203871143232774,46.243706277298706,45.850388768632655,4.0198335076012235,0.8521739130434782,45 to 60 min,#e08a4a,37128,0,50.24791884501529,0.9124833390623325
184,Uttarahalli,184-Uttarahalli,57209,9.994083611417105,5724.286710453895,160.0,147.0,46.822570385161725,54.671819572363276,16.00075219693353,71.07175057245597,0.15625,46.822570385161725,43.974532105881266,180.0,46.822570385161725,2.9322800460354945,0.91875,45 to 60 min,#e08a4a,57209,0,36.65350057544369,1.2774378886073132
72,Herohalli,72-Herohalli,62272,7.739876714370439,8045.606189615541,124.0,121.0,46.961798928536425,47.72082150703121,25.57866016928428,68.7238213696672,0.13709677419354838,47.0550713821507,42.35214563458831,47.0265106608575,46.961798928536425,6.038252295063981,0.9758064516129032,45 to 60 min,#e08a4a,62272,0,75.47815368829977,0.6221906158763949
193,Arakere,193-Arakere,58355,6.6135820488700485,8823.508889554056,111.0,99.0,47.56089959314208,55.84740386681615,18.441639738282436,58.17443686908251,0.2702702702702703,47.56089959314208,44.15275087806517,180.0,52.121432081543375,4.442764842332817,0.8918918918918919,45 to 60 min,#e08a4a,58355,0,55.53456052916022,0.8564198427062134
84,Hagadur,84-Hagadur,50556,12.67815518479686,3987.646409362834,202.0,147.0,48.6109589054586,75.80413694861691,2.1992334581122237,81.76372908234579,0.3069306930693069,50.931556238734714,46.98845065341857,57.37431497915257,48.6109589054586,2.6398079816466966,0.7277227722772277,45 to 60 min,#e08a4a,50556,0,32.997599770583705,1.4731665103955138
195,Konankunte,195-Konankunte,57335,3.42113178905,16759.073761353437,52.0,47.0,51.759667750403885,62.94542984362394,22.960513985257506,64.27517668096371,0.057692307692307696,52.24125610021789,49.00097108352122,52.24125610021789,59.65966775040389,3.027136467220723,0.9038461538461539,45 to 60 min,#e08a4a,57335,0,37.83920584025904,1.3678846212817226
70,Rajagopal Nagar,70-Rajagopal Nagar,61479,2.182001578125,28175.50666156212,36.0,34.0,51.81005094418655,58.29273856328449,38.11235333289924,63.61759479834057,0.0,51.81005094418655,44.95526388799989,180.0,51.81005094418655,4.062498171108433,0.9444444444444444,45 to 60 min,#e08a4a,61479,0,50.781227138855414,1.0202599240565404
83,Kadugodi,83-Kadugodi,43942,11.04232705814976,3979.414825208308,179.0,115.0,52.56502499614259,89.96900468484317,17.085886977490137,75.35142889945703,0.21787709497206703,56.63001176311018,41.3601774151023,180.0,52.56502499614259,3.4157564776112816,0.6424581005586593,45 to 60 min,#e08a4a,43942,0,42.69695597014102,1.2311187952813907
40,Dodda Bidarakallu,40-Dodda Bidarakallu,72794,12.867132589526818,5657.359904665205,206.0,183.0,53.69894575780289,66.50192834643553,26.286603245544235,71.65383282327964,0.024271844660194174,53.802258492486146,51.84021447345337,180.0,53.69894575780289,5.68059926860629,0.8883495145631068,45 to 60 min,#e08a4a,72794,0,71.00749085757863,0.7562433922008047
194,Gottigere,194-Gottigere,51911,7.32530866656631,7086.527320948093,118.0,109.0,54.538452772249585,63.051944253659016,32.566253550125445,85.19706643971226,0.0,58.58063466346604,50.40356073055021,56.101167534410166,62.09903627447049,5.609982510293814,0.923728813559322,45 to 60 min,#e08a4a,51911,0,70.12478137867268,0.7777343715018922
192,Begur,192-Begur,80037,19.07361290596628,4196.2160181495665,303.0,235.0,57.63932837311164,82.3222276352008,25.912979576706224,98.58629972718352,0.009900990099009901,57.648613241661835,51.043696109535375,180.0,69.45086327399011,6.691752820308814,0.7755775577557755,45 to 60 min,#e08a4a,80037,0,83.64691025386017,0.6890789892678872
190,Mangammanapalya,190-Mangammanapalya,65890,3.457511282909227,19057.060008943394,56.0,47.0,59.331597182639214,68.46597398596487,24.940500609296738,67.87062358049462,0.23214285714285715,60.60294502257331,32.399603517465096,125.86657266230321,60.7913258261795,4.466212860463891,0.8392857142857143,45 to 60 min,#e08a4a,65890,0,55.82766075579864,1.0627634469974927
196,Anjanapura,196-Anjanapura,45608,11.397497387867,4001.5802108058538,183.0,155.0,66.26361759293896,83.21529959058329,49.06384511755669,96.51504325138322,0.0,66.26361759293896,60.62043586267599,180.0,75.02442089582017,5.629491482135926,0.8469945355191257,Over 60 min,#c0392b,45608,45608,70.36864352669906,0.9416639894130887
191,Singasandra,191-Singasandra,71004,9.79279190068071,7250.639114986649,155.0,122.0,70.37849167367317,86.66084081640568,32.04137821034125,80.8094915910384,0.0,75.54338782961028,67.65032076919162,180.0,72.75072798708575,6.762162651573164,0.7870967741935484,Over 60 min,#c0392b,71004,71004,84.52703314466456,0.832615188956452
86,Marathahalli,86-Marathahalli,39768,3.0989550399837276,12832.712797346301,48.0,32.0,71.07033973682994,93.72441718135876,33.59190621440827,135.3176387661179,0.0,97.0171669889856,43.20345880554355,180.0,71.07033973682994,3.2286163893257642,0.6666666666666666,Over 60 min,#c0392b,39768,39768,40.35770486657206,1.761010443279615
150,Bellanduru,150-Bellanduru,80180,26.68986516286196,3004.1365705948842,429.0,270.0,77.19675629261191,105.16553955665235,25.33383267858575,130.1224551108845,0.004662004662004662,180.0,59.93568372978238,180.0,77.19675629261191,5.489110812855971,0.6293706293706294,Over 60 min,#c0392b,80180,80180,68.61388516069964,1.1250894204840673
149,Varthuru,149-Varthuru,54625,27.957886191824983,1953.8315459618907,446.0,242.0,102.66173568173906,123.70981359259615,28.431310004999332,130.08222533587198,0.002242152466367713,180.0,81.01498106137905,180.0,102.66173568173906,5.075438524061266,0.5426008968609866,Over 60 min,#c0392b,54625,54625,63.44298155076582,1.6181732505681683
