ward_no,ward_name,ward_label,population,area_sqkm,density_per_sqkm
1,Kempegowda Ward,1-Kempegowda Ward,34783,10.903719351108174,3190.012405855339
2,Chowdeswari Ward,2-Chowdeswari Ward,36602,6.513262203561477,5619.611011512155
3,Atturu,3-Atturu,58129,8.816469948210466,6593.228394296155
4,Yelahanka Satellite Town,4-Yelahanka Satellite Town,41986,4.601178743292581,9125.053022816284
5,Jakkuru,5-Jakkuru,52025,23.511326448228207,2212.7632872844806
6,Thanisandra,6-Thanisandra,71855,10.006880109185543,7180.559696527458
7,Byatarayanapura,7-Byatarayanapura,72154,10.032414957419624,7192.086880999417
8,Kodigehalli,8-Kodigehalli,47546,3.8236169232562487,12434.823088791312
9,Vidyaranyapura,9-Vidyaranyapura,57195,9.892235107991118,5781.807587023169
10,Dodda Bommasandra,10-Dodda Bommasandra,36396,4.19134313671875,8683.612582598786
11,Kuvempu Nagar,11-Kuvempu Nagar,37128,7.207825110751546,5151.0683777021795
12,Shettihalli,12-Shettihalli,61071,8.118658457152208,7522.301907675268
13,Mallasandra,13-Mallasandra,41482,1.31414125,31565.860975751275
14,Bagalakunte,14-Bagalakunte,65113,4.1819722517931055,15569.926360004298
15,T Dasarahalli,15-T Dasarahalli,33042,0.8801490548375004,37541.36849706719
16,Jalahalli,16-Jalahalli,37959,5.169349247388422,7343.0906258030545
17,J P Park,17-J P Park,49610,2.05341862993828,24159.710677939616
18,Radhakrishna Temple Ward,18-Radhakrishna Temple Ward,35122,1.9488850099237376,18021.58661037388
19,Sanjaya Nagar,19-Sanjaya Nagar,32491,1.5433906879137644,21051.701461228076
20,Ganga Nagar,20-Ganga Nagar,27361,2.26494566015625,12080.201517113866
21,Hebbala,21-Hebbala,32516,1.2274545859375,26490.593112383925
22,Vishwanath Nagenahalli,22-Vishwanath Nagenahalli,51592,1.49225975,34573.069467296154
23,Nagavara,23-Nagavara,60483,2.07215456640625,29188.459674075388
24,HBR Layout,24-HBR Layout,58967,4.611314691534338,12787.459530414246
25,Horamavu,25-Horamavu,95368,17.591625533710836,5421.215897146417
26,Ramamurthy Nagar,26-Ramamurthy Nagar,47358,7.292846262276706,6493.760912658485
27,Banasavadi,27-Banasavadi,51268,3.4515269296875,14853.715774033315
28,Kammanahalli,28-Kammanahalli,47074,1.02774205078125,45803.32191741707
29,Kacharkanahalli,29-Kacharkanahalli,33588,1.6988655,19770.841187839767
30,Kadugondanahalli,30-Kadugondanahalli,45748,0.69520505859375,65805.04476267526
31,Kushal Nagar,31-Kushal Nagar,41936,0.65028304296875,64488.84136444456
32,Kaval Bairasandra,32-Kaval Bairasandra,39334,1.5826094296875,24853.889571330837
33,Manorayanapalya,33-Manorayanapalya,47926,0.80873095703125,59260.74621395766
34,Gangenahalli,34-Gangenahalli,24308,1.096013453125,22178.55988053066
35,Aramane Nagara,35-Aramane Nagara,36738,7.473511200135906,4915.7616836557245
36,Mattikere,36-Mattikere,37036,0.9041300215385915,40963.134856394296
37,Yeshwanthpura,37-Yeshwanthpura,41107,0.7896936875992198,52054.3606280697
38,HMT Ward,38-HMT Ward,36879,5.188015868144869,7108.497918528378
39,Chokkasandra,39-Chokkasandra,59289,3.793367544567454,15629.648143351882
40,Dodda Bidarakallu,40-Dodda Bidarakallu,72794,12.867132589526818,5657.359904665205
41,Peenya Industrial Area,41-Peenya Industrial Area,57814,5.5524239580401265,10412.389334262394
42,Lakshmi Devi Nagar,42-Lakshmi Devi Nagar,41352,1.520051055060453,27204.349394932276
43,Nandini Layout,43-Nandini Layout,51200,1.41384369140625,36213.33837057687
44,Marappana Palya,44-Marappana Palya,40212,2.035977625,19750.708213210346
45,Malleswaram,45-Malleswaram,34196,1.8096598525442567,18896.368813135126
46,Jayachamarajendra  Nagar,46-Jayachamarajendra  Nagar,31449,0.8893863203125,35360.336989386
47,Devara Jeevanahalli,47-Devara Jeevanahalli,42135,1.369791828125,30760.148465533828
48,Muneshwara Nagar,48-Muneshwara Nagar,35814,0.48417982421875,73968.3857289754
49,Lingarajapura,49-Lingarajapura,37955,0.87811863671875,43223.08901428828
50,Benniganahalli,50-Benniganahalli,49094,4.9227606015625,9972.859534225046
51,Vijnanapura,51-Vijnanapura,46159,2.0436386875,22586.673604455336
52,K R Puram,52-K R Puram,35168,4.834824477565625,7273.893843134381
53,Basavanapura,53-Basavanapura,48585,6.266838009206248,7752.713558037817
54,Hudi,54-Hudi,50191,14.905196947231822,3367.3489976475234
55,Devasandra,55-Devasandra,33946,3.5375877729631195,9595.80431033842
56,A Narayanapura,56-A Narayanapura,43443,2.1485509693875007,20219.673919294797
57,C V Raman Nagar,57-C V Raman Nagar,58815,3.58761335546875,16393.907083199425
58,New Tippasandara,58-New Tippasandara,43983,3.33161767578125,13201.694876254423
59,Maruthi Seva Nagar,59-Maruthi Seva Nagar,40362,2.38895739453125,16895.23642924559
60,Sagayarapuram,60-Sagayarapuram,35334,0.7691634453125,45938.22056330863
61,S K Garden,61-S K Garden,38050,1.306276375,29128.598456050313
62,Ramaswamy Palya,62-Ramaswamy Palya,34394,0.829835625,41446.76242358238
63,Jayamahal,63-Jayamahal,21728,1.4400371015625,15088.500134075864
64,Rajamahal Guttahalli,64-Rajamahal Guttahalli,31118,0.7207275902079018,43175.81347347015
65,Kadu Malleshwar Ward,65-Kadu Malleshwar Ward,35609,1.36080140234375,26167.668506711947
66,Subramanya Nagar,66-Subramanya Nagar,35709,0.94126066015625,37937.41894415547
67,Nagapura,67-Nagapura,34574,1.7977619765625,19231.689428713435
68,Mahalakshimpuram,68-Mahalakshimpuram,44615,0.943863734375,47268.47570803512
69,Laggere,69-Laggere,57077,1.5717116953125,36315.184375243516
70,Rajagopal Nagar,70-Rajagopal Nagar,61479,2.182001578125,28175.50666156212
71,Hegganahalli,71-Hegganahalli,66314,1.7499105851377021,37895.6505339281
72,Herohalli,72-Herohalli,62272,7.739876714370439,8045.606189615541
73,Kottegepalya,73-Kottegepalya,68922,5.83345954070108,11814.944377194872
74,Shakthi Ganapathi Nagar,74-Shakthi Ganapathi Nagar,43844,0.7009536015625,62549.075862178426
75,Shankar Matt,75-Shankar Matt,48734,1.08749117578125,44813.23718786928
76,Gayithri Nagar,76-Gayithri Nagar,33236,0.64580018359375,51464.83516781963
77,Dattatreya Temple,77-Dattatreya Temple,33388,0.7150985426045983,46690.068586059664
78,Pulikeshinagar,78-Pulikeshinagar,28835,1.7251913984375,16714.087507111246
79,Sarvagna Nagar,79-Sarvagna Nagar,37291,3.65509267578125,10202.477285211193
80,Hoysala Nagar,80-Hoysala Nagar,35228,2.049841578125,17185.718338401166
81,Vijnana Nagar,81-Vijnana Nagar,57062,5.72754503125,9962.732669697856
82,Garudachar Playa,82-Garudachar Playa,49631,6.7928061243230085,7306.406084855892
83,Kadugodi,83-Kadugodi,43942,11.04232705814976,3979.414825208308
84,Hagadur,84-Hagadur,50556,12.67815518479686,3987.646409362834
85,Dodda Nekkundi,85-Dodda Nekkundi,63083,12.016501591111165,5249.697636345648
86,Marathahalli,86-Marathahalli,39768,3.0989550399837276,12832.712797346301
87,HAL Airport,87-HAL Airport,39926,6.805666564043756,5866.581858555964
88,Jeevanbhima Nagar,88-Jeevanbhima Nagar,38251,1.88629244140625,20278.40389981285
89,Jogupalya,89-Jogupalya,33793,0.90341936328125,37405.66272263932
90,Halsoor,90-Halsoor,35090,1.6826345078125,20854.20204867816
91,Bharathi Nagar,91-Bharathi Nagar,32689,0.78067064453125,41872.97194917321
92,Shivaji Nagar,92-Shivaji Nagar,37506,0.42555355078125,88134.61885383127
93,Vasanth Nagar,93-Vasanth Nagar,22815,3.1253211953125,7300.049682643494
94,Gandhinagar,94-Gandhinagar,31208,1.923237267252309,16226.80702552434
95,Subhash Nagar,95-Subhash Nagar,37693,1.317449525855277,28610.58375312711
96,Okalipuram,96-Okalipuram,38110,0.8235090204036444,46277.574447600244
97,Dayananda Nagar,97-Dayananda Nagar,35721,0.44550487109375,80180.94148398894
98,Prakash Nagar,98-Prakash Nagar,32913,0.56668445703125,58079.94130000463
99,Rajaji Nagar,99-Rajaji Nagar,33084,0.86295815234375,38337.896119464844
100,Basaveshwara Nagar,100-Basaveshwara Nagar,30333,0.8374021640625,36222.73896791133
101,Kamakshipalya,101-Kamakshipalya,30051,0.9134506484375,32898.32904646095
102,Vrisabhavathi Nagar,102-Vrisabhavathi Nagar,50893,0.9918729140625,51310.000785839715
103,Kaveripura,103-Kaveripura,53532,1.6510629911925023,32422.748426658025
104,Govindaraja Nagar,104-Govindaraja Nagar,26873,0.76573896484375,35094.204727434066
105,Agrahara Dasarahalli,105-Agrahara Dasarahalli,28355,0.79370769921875,35724.73849996662
106,Dr. Raj Kumar Ward,106-Dr. Raj Kumar Ward,24181,0.98260136328125,24609.16593810859
107,Shivanagara,107-Shivanagara,36461,0.77947173046875,46776.55208621035
108,Sriramamandir,108-Sriramamandir,33866,1.05864874609375,31989.836218066
109,Chickpete,109-Chickpete,33292,0.7128691990799134,46701.41456941799
110,Sampangiram Nagar,110-Sampangiram Nagar,27504,4.4582201286125,6169.2781438676675
111,Shantala Nagar,111-Shantala Nagar,22995,3.9864917357955716,5768.229692670104
112,Domlur,112-Domlur,30638,1.7494729140625,17512.703256922476
113,Konena Agrahara,113-Konena Agrahara,38108,2.122200265625,17956.834996803176
114,Agaram,114-Agaram,36916,10.99962906934231,3356.113171387813
115,Vannarpet,115-Vannarpet,37060,0.7540598294864848,49147.293823141175
116,Nilasandra,116-Nilasandra,48534,0.5297628264032646,91614.5821886247
117,Shanthi Nagar,117-Shanthi Nagar,42095,2.692142667993626,15636.244133886172
118,Sudham Nagara,118-Sudham Nagara,28784,1.00412222265625,28665.833053526472
119,Dharmaraya Swamy Temple wa,119-Dharmaraya Swamy Temple wa,27076,1.10252525,24558.167715433276
120,Cottonpete,120-Cottonpete,37344,0.7569637421875,49333.93492808786
121,Binnipete,121-Binnipete,37354,0.7742627295963554,48244.60557396799
122,Kempapura Agrahara,122-Kempapura Agrahara,40032,0.35643851953125,112311.09379717385
123,Vijayanagar,123-Vijayanagar,40331,0.731634375,55124.52855977414
124,Hosahalli,124-Hosahalli,37347,0.88586589453125,42158.75137597651
125,Marenahalli,125-Marenahalli,21171,0.6906700734788047,30652.841078468555
126,Maruthi Mandir ward,126-Maruthi Mandir ward,29319,0.78688482421875,37259.58246698816
127,Mudalapalya,127-Mudalapalya,43729,0.9832514879813087,44473.87116573707
128,Nagarabhavi,128-Nagarabhavi,35780,1.598825594926256,22378.926202798444
129,Jnana Bharathi ward,129-Jnana Bharathi ward,68132,11.840087836529214,5754.349202528561
130,Ullalu,130-Ullalu,58199,8.788608322386859,6622.095087768571
131,Nayandahalli,131-Nayandahalli,42785,2.071586153083628,20653.25641239349
132,Attiguppe,132-Attiguppe,41487,1.38913891015625,29865.263795205014
133,Hampi Nagar,133-Hampi Nagar,35113,1.11416010546875,31515.219246902798
134,Bapuji Nagar,134-Bapuji Nagar,49484,0.6714640546875,73695.6798425046
135,Padarayanapura,135-Padarayanapura,37599,0.31515198046875,119304.34307941233
136,Jagajivanaramnagar,136-Jagajivanaramnagar,38639,0.636979889412502,60659.6858742863
137,Rayapuram,137-Rayapuram,36039,0.45184509765625,79759.6348548134
138,Chalavadipalya,138-Chalavadipalya,24801,0.3962128828125,62595.13780559374
139,K R Market,139-K R Market,29344,0.81197179296875,36139.186427538065
140,Chamrajapet,140-Chamrajapet,32213,1.031784413510956,31220.669335743893
141,Azad Nagar,141-Azad Nagar,38825,0.6743391541077921,57574.886114048604
142,Sunkenahalli,142-Sunkenahalli,34666,1.49864051953125,23131.63133400594
143,Vishveshwara Puram,143-Vishveshwara Puram,32462,2.464218296875,13173.345900875222
144,Siddapura,144-Siddapura,34879,0.6619907578125,52688.046756506235
145,Hombegowda Nagara,145-Hombegowda Nagara,38309,1.40491638671875,27267.8149120835
146,Lakkasandra,146-Lakkasandra,30667,1.29341327734375,23710.13235845239
147,Adugodi,147-Adugodi,34299,1.5981844205311444,21461.227852916367
148,Ejipura,148-Ejipura,47004,1.8692488139287395,25145.93009221078
149,Varthuru,149-Varthuru,54625,27.957886191824983,1953.8315459618907
150,Bellanduru,150-Bellanduru,80180,26.68986516286196,3004.1365705948842
151,Koramangala,151-Koramangala,38316,3.709054230562604,10330.396273065027
152,Suddagunte Palya,152-Suddagunte Palya,39997,1.73416697265625,23064.099726646265
153,Jayanagar,153-Jayanagar,38151,2.50073362109375,15255.92317318221
154,Basavanagudi,154-Basavanagudi,32640,1.164325609375,28033.39524372471
155,Hanumanth Nagar,155-Hanumanth Nagar,36982,0.99324958984375,37233.340318638046
156,Srinagar,156-Srinagar,41379,0.79700312109375,51918.24085107022
157,Gali Anjenaya Temple ward,157-Gali Anjenaya Temple ward,34653,1.1443942418897957,30280.64868866848
158,Deepanjali Nagar,158-Deepanjali Nagar,45928,2.089538394828954,21979.974196051844
159,Kengeri,159-Kengeri,40771,5.083020118928402,8021.018812846114
160,Rajarajeshwari Nagar,160-Rajarajeshwari Nagar,56897,11.066855784707892,5141.207322735686
161,Hosakerehalli,161-Hosakerehalli,46805,1.34872520703125,34703.140236419946
162,Girinagar,162-Girinagar,43195,1.77087513671875,24391.894778101578
163,Katriguppe,163-Katriguppe,45572,1.11076006640625,41027.762320843525
164,Vidyapeeta ward,164-Vidyapeeta ward,43483,1.23085855078125,35327.37370382689
165,Ganesh Mandir ward,165-Ganesh Mandir ward,25998,1.626526703125,15983.752341754227
166,Karisandra,166-Karisandra,27040,1.1028587064374997,24518.099954386485
167,Yediyur,167-Yediyur,32756,1.22652384375,26706.37033834672
168,Pattabhiram Nagar,168-Pattabhiram Nagar,28353,1.750643890625,16195.755260013306
169,Byrasandra,169-Byrasandra,32066,0.86855881640625,36918.628185338464
170,Jayanagar East,170-Jayanagar East,33927,1.0155246875,33408.34587046906
171,Gurappanapalya,171-Gurappanapalya,48991,0.6817035078125,71865.55362932765
172,Madivala,172-Madivala,42624,1.16516596875,36581.91291471325
173,Jakkasandra,173-Jakkasandra,33521,1.52040259765625,22047.449834454183
174,HSR Layout,174-HSR Layout,63033,7.145256048047433,8821.657275280551
175,Bommanahalli,175-Bommanahalli,43585,1.8551911523000164,23493.53593346135
176,BTM Layout,176-BTM Layout,52250,2.1091825078125,24772.631010575813
177,J P Nagar,177-J P Nagar,28846,1.7951841875,16068.546169722766
178,Sarakki,178-Sarakki,31034,1.33046598046875,23325.66217819872
179,Shakambari Nagar,179-Shakambari Nagar,25871,1.8519488984375,13969.607920514174
180,Banashankari Temple ward,180-Banashankari Temple ward,42171,0.6829050234375,61752.36460807719
181,Kumaraswamy Layout,181-Kumaraswamy Layout,47182,1.86895483984375,25245.12577518703
182,Padmanabha Nagar,182-Padmanabha Nagar,41037,1.69023994140625,24278.801485342927
183,Chikkalsandra,183-Chikkalsandra,43364,1.08898601953125,39820.52957729051
184,Uttarahalli,184-Uttarahalli,57209,9.994083611417105,5724.286710453895
185,Yelchenahalli,185-Yelchenahalli,46943,1.582723734375,29659.629776473445
186,Jaraganahalli,186-Jaraganahalli,38294,1.2834910734134228,29835.813269941766
187,Puttenahalli,187-Puttenahalli,49207,2.867783029118671,17158.55052504524
188,Bilekhalli,188-Bilekhalli,49884,4.234631549584528,11780.009527604418
189,Hongasandra,189-Hongasandra,68554,2.1385952352348934,32055.621779438945
190,Mangammanapalya,190-Mangammanapalya,65890,3.457511282909227,19057.060008943394
191,Singasandra,191-Singasandra,71004,9.79279190068071,7250.639114986649
192,Begur,192-Begur,80037,19.07361290596628,4196.2160181495665
193,Arakere,193-Arakere,58355,6.6135820488700485,8823.508889554056
194,Gottigere,194-Gottigere,51911,7.32530866656631,7086.527320948093
195,Konankunte,195-Konankunte,57335,3.42113178905,16759.073761353437
196,Anjanapura,196-Anjanapura,45608,11.397497387867,4001.5802108058538
197,Vasanthpura,197-Vasanthpura,62057,5.7059670942625,10875.807549328481
198,Hemmigepura,198-Hemmigepura,50440,29.63551673111435,1702.0118278228977
